customer_id,customer_name,region,credit_terms
1,Karan Industries,East,30
2,Kunal Exports,South,60
3,Karan Retail,North,30
4,Deepak Textiles,East,30
5,Arjun Exports,South,30
6,Sneha Exports,East,45
7,Amit Group,North,30
8,Priya Exports,West,45
9,Pooja Group,East,60
10,Priya Enterprises,North,30
11,Rahul Retail,South,60
12,Pooja Logistics,East,30
13,Manish Retail,East,30
14,Ritu Traders,South,30
15,Pooja Textiles,West,45
16,Kavita Logistics,South,30
17,Amit Enterprises,East,30
18,Deepak Textiles,South,30
19,Rohan Textiles,North,30
20,Swati Industries,South,30
21,Meera Corp,East,45
22,Rohan Retail,South,45
23,Priya Industries,West,30
24,Kunal Textiles,South,60
25,Pooja Exports,West,30
26,Kunal Traders,North,60
27,Meera Ltd,West,30
28,Sneha Corp,South,30
29,Divya Industries,East,30
30,Priya Group,West,45
31,Neha Industries,North,30
32,Swati Retail,West,30
33,Pooja Corp,West,30
34,Neha Industries,West,30
35,Meera Exports,North,30
36,Meera Textiles,South,45
37,Divya Enterprises,West,45
38,Ritu Corp,West,30
39,Kunal Enterprises,East,45
40,Sanjay Logistics,North,30
41,Kunal Ltd,West,45
42,Karan Logistics,North,45
43,Rahul Exports,West,30
44,Arjun Traders,South,45
45,Manish Exports,South,30
46,Amit Traders,West,30
47,Rahul Enterprises,South,45
48,Neha Textiles,West,30
49,Rohan Textiles,South,30
50,Rohan Exports,East,30
51,Pooja Corp,East,45
52,Rahul Textiles,East,30
53,Vikram Traders,North,30
54,Pooja Exports,North,45
55,Amit Ltd,East,45
56,Amit Enterprises,North,30
57,Kunal Traders,South,30
58,Rahul Enterprises,West,30
59,Meera Textiles,West,30
60,Rohan Retail,West,30
61,Neha Traders,East,45
62,Karan Ltd,North,30
63,Kavita Industries,South,30
64,Vikram Textiles,South,30
65,Karan Industries,East,45
66,Sanjay Textiles,South,30
67,Deepak Group,South,60
68,Priya Retail,South,30
69,Sanjay Logistics,South,30
70,Anita Industries,North,30
71,Arjun Retail,South,30
72,Karan Ltd,West,30
73,Rahul Logistics,East,30
74,Kavita Logistics,North,30
75,Amit Textiles,South,45
76,Anita Exports,North,30
77,Rohan Enterprises,South,45
78,Rahul Traders,West,30
79,Neha Exports,East,30
80,Kunal Group,South,30
81,Rohan Industries,South,30
82,Manish Ltd,South,30
83,Kavita Textiles,South,30
84,Priya Traders,East,30
85,Manish Enterprises,East,30
86,Manish Exports,West,30
87,Manish Ltd,East,60
88,Priya Corp,South,45
89,Vikram Ltd,West,45
90,Rahul Traders,West,45
91,Priya Enterprises,West,30
92,Pooja Retail,South,30
93,Anita Textiles,North,60
94,Sneha Textiles,South,30
95,Arjun Exports,East,30
96,Manish Group,East,30
97,Vikram Industries,South,30
98,Priya Group,South,30
99,Arjun Ltd,West,45
100,Rohan Group,South,30
101,Ritu Traders,West,30
102,Kavita Industries,East,60
103,Deepak Retail,West,30
104,Amit Traders,South,30
105,Kavita Textiles,East,30
106,Kavita Logistics,North,45
107,Rahul Exports,West,60
108,Karan Corp,East,30
109,Divya Ltd,West,45
110,Arjun Logistics,East,30
111,Swati Textiles,East,60
112,Neha Traders,West,45
113,Karan Retail,North,45
114,Ritu Logistics,East,30
115,Kavita Ltd,East,60
116,Priya Ltd,East,45
117,Ritu Enterprises,North,30
118,Vikram Textiles,North,45
119,Rohan Logistics,South,30
120,Amit Traders,West,45
121,Ritu Traders,North,30
122,Kavita Exports,West,45
123,Rahul Exports,South,30
124,Kavita Ltd,West,30
125,Divya Industries,North,30
126,Anita Exports,West,30
127,Kavita Traders,North,30
128,Ritu Logistics,West,30
129,Amit Logistics,North,30
130,Swati Corp,North,30
131,Priya Group,West,30
132,Amit Logistics,South,45
133,Sneha Ltd,East,30
134,Sneha Ltd,South,60
135,Meera Enterprises,West,45
136,Ritu Industries,South,30
137,Divya Textiles,North,30
138,Amit Ltd,East,45
139,Rahul Traders,West,30
140,Meera Group,West,30
141,Anita Traders,West,30
142,Divya Corp,East,45
143,Rahul Ltd,North,30
144,Vikram Traders,West,30
145,Sneha Traders,South,60
146,Manish Ltd,West,45
147,Pooja Enterprises,West,30
148,Anita Traders,West,30
149,Rohan Enterprises,West,45
150,Manish Enterprises,North,30
151,Amit Ltd,South,30
152,Kavita Enterprises,North,30
153,Rahul Traders,South,60
154,Swati Logistics,West,30
155,Neha Group,East,45
156,Amit Exports,North,45
157,Meera Exports,East,30
158,Swati Group,North,30
159,Priya Retail,West,30
160,Priya Retail,North,30
161,Manish Exports,West,30
162,Rahul Logistics,North,45
163,Arjun Group,West,30
164,Ritu Textiles,West,45
165,Neha Textiles,South,30
166,Amit Corp,West,30
167,Sanjay Retail,South,30
168,Karan Logistics,West,30
169,Sneha Industries,East,45
170,Rahul Exports,West,30
171,Meera Traders,East,30
172,Kunal Corp,East,30
173,Priya Textiles,West,30
174,Deepak Logistics,East,30
175,Manish Industries,South,30
176,Neha Group,North,60
177,Kunal Group,West,30
178,Arjun Enterprises,East,45
179,Rahul Exports,West,30
180,Pooja Enterprises,South,30
181,Karan Industries,West,30
182,Anita Industries,West,30
183,Kunal Traders,East,30
184,Divya Industries,South,30
185,Ritu Corp,North,30
186,Neha Traders,North,30
187,Manish Exports,East,30
188,Deepak Retail,West,60
189,Vikram Retail,East,30
190,Rohan Enterprises,East,30
191,Rahul Retail,East,30
192,Rahul Corp,West,30
193,Ritu Logistics,South,30
194,Divya Enterprises,East,30
195,Rahul Textiles,West,30
196,Vikram Group,South,30
197,Amit Retail,East,30
198,Ritu Traders,North,30
199,Vikram Group,South,30
200,Meera Enterprises,East,30
201,Kunal Ltd,South,30
202,Meera Industries,South,45
203,Vikram Retail,South,30
204,Ritu Enterprises,South,30
205,Karan Industries,South,30
206,Rahul Enterprises,South,60
207,Neha Group,East,30
208,Vikram Industries,North,30
209,Priya Industries,West,30
210,Neha Retail,South,30
211,Deepak Retail,West,30
212,Rahul Exports,East,30
213,Vikram Industries,South,45
214,Ritu Exports,North,30
215,Ritu Textiles,West,45
216,Priya Ltd,South,60
217,Kavita Exports,East,30
218,Pooja Corp,North,30
219,Amit Ltd,West,30
220,Rahul Traders,West,30
221,Arjun Enterprises,South,30
222,Pooja Traders,North,60
223,Rahul Ltd,North,45
224,Divya Retail,North,30
225,Arjun Corp,North,30
226,Deepak Corp,East,45
227,Amit Textiles,North,60
228,Manish Retail,West,45
229,Divya Retail,West,30
230,Neha Retail,East,30
231,Priya Traders,West,30
232,Rohan Textiles,West,30
233,Sneha Retail,North,30
234,Swati Exports,West,30
235,Sneha Logistics,East,30
236,Sneha Retail,North,30
237,Vikram Logistics,South,30
238,Amit Ltd,North,30
239,Amit Industries,East,30
240,Swati Ltd,North,30
241,Karan Exports,North,30
242,Vikram Ltd,East,45
243,Sanjay Textiles,North,30
244,Amit Logistics,East,30
245,Manish Ltd,East,30
246,Kavita Logistics,South,60
247,Sanjay Traders,West,30
248,Manish Industries,West,30
249,Pooja Logistics,North,30
250,Deepak Logistics,North,30
251,Karan Industries,South,30
252,Deepak Retail,South,30
253,Kunal Enterprises,South,60
254,Vikram Traders,East,30
255,Pooja Logistics,South,45
256,Kavita Enterprises,South,45
257,Sneha Enterprises,North,30
258,Ritu Logistics,South,60
259,Karan Enterprises,East,30
260,Neha Retail,East,30
261,Karan Retail,North,30
262,Vikram Traders,South,30
263,Arjun Corp,South,30
264,Kunal Logistics,East,30
265,Neha Retail,South,30
266,Pooja Ltd,South,30
267,Anita Textiles,South,30
268,Meera Exports,West,30
269,Neha Logistics,North,30
270,Swati Retail,West,30
271,Priya Enterprises,North,45
272,Vikram Group,East,30
273,Deepak Exports,South,45
274,Ritu Ltd,North,30
275,Kavita Ltd,West,30
276,Karan Logistics,South,30
277,Sanjay Industries,East,30
278,Sneha Group,North,30
279,Deepak Group,North,45
280,Karan Retail,North,30
281,Deepak Textiles,South,45
282,Amit Corp,West,45
283,Kavita Exports,West,45
284,Rohan Textiles,North,60
285,Rahul Traders,East,30
286,Sanjay Logistics,East,30
287,Manish Logistics,West,30
288,Rahul Group,East,30
289,Anita Retail,West,30
290,Pooja Enterprises,North,45
291,Ritu Group,West,30
292,Arjun Enterprises,West,30
293,Sneha Traders,North,30
294,Deepak Industries,East,30
295,Swati Logistics,West,30
296,Manish Ltd,West,45
297,Amit Textiles,North,30
298,Arjun Retail,East,30
299,Ritu Exports,West,30
300,Anita Exports,North,30
301,Divya Retail,West,30
302,Sneha Retail,South,30
303,Divya Retail,North,30
304,Swati Enterprises,East,30
305,Rohan Industries,East,30
306,Manish Logistics,East,30
307,Rahul Enterprises,East,30
308,Kavita Traders,West,30
309,Anita Corp,West,30
310,Deepak Enterprises,East,60
311,Kunal Logistics,East,30
312,Priya Retail,East,30
313,Swati Enterprises,West,30
314,Rahul Group,East,30
315,Rahul Corp,East,30
316,Kunal Ltd,South,30
317,Arjun Enterprises,South,60
318,Manish Ltd,East,30
319,Priya Logistics,North,30
320,Amit Ltd,East,30
321,Ritu Textiles,South,30
322,Anita Ltd,North,30
323,Vikram Enterprises,North,30
324,Anita Traders,East,45
325,Vikram Enterprises,South,30
326,Vikram Retail,South,30
327,Neha Traders,North,60
328,Manish Enterprises,East,30
329,Meera Logistics,West,60
330,Meera Ltd,West,30
331,Deepak Industries,South,45
332,Rahul Ltd,West,30
333,Divya Corp,South,45
334,Divya Textiles,South,60
335,Priya Group,South,30
336,Amit Corp,West,60
337,Pooja Ltd,South,30
338,Pooja Enterprises,North,30
339,Manish Textiles,East,30
340,Kunal Enterprises,East,30
341,Meera Corp,South,30
342,Arjun Traders,East,30
343,Karan Group,West,30
344,Priya Group,West,45
345,Swati Corp,East,45
346,Swati Traders,West,30
347,Priya Industries,East,30
348,Anita Ltd,East,30
349,Kunal Textiles,East,30
350,Neha Traders,South,30
351,Manish Enterprises,East,30
352,Sneha Retail,South,30
353,Manish Retail,East,60
354,Manish Industries,East,30
355,Vikram Corp,East,30
356,Anita Enterprises,West,30
357,Priya Traders,South,30
358,Kunal Logistics,South,30
359,Ritu Group,East,30
360,Ritu Exports,East,30
361,Sneha Exports,West,30
362,Sneha Exports,West,60
363,Amit Traders,West,45
364,Swati Retail,South,30
365,Deepak Traders,South,30
366,Vikram Corp,South,30
367,Neha Group,East,30
368,Anita Ltd,South,30
369,Vikram Logistics,North,30
370,Pooja Retail,North,30
371,Meera Corp,West,30
372,Manish Retail,South,30
373,Sanjay Logistics,North,60
374,Kunal Logistics,West,60
375,Kunal Exports,South,45
376,Arjun Ltd,East,30
377,Sneha Ltd,North,45
378,Divya Ltd,East,30
379,Amit Industries,South,45
380,Kunal Exports,North,30
381,Meera Retail,South,45
382,Meera Exports,East,30
383,Priya Retail,North,45
384,Meera Exports,East,60
385,Deepak Textiles,South,30
386,Amit Textiles,South,30
387,Meera Corp,East,60
388,Anita Traders,North,30
389,Deepak Logistics,East,45
390,Vikram Retail,South,30
391,Karan Logistics,East,30
392,Manish Textiles,South,30
393,Pooja Logistics,East,30
394,Manish Industries,North,45
395,Sneha Retail,North,30
396,Amit Logistics,East,30
397,Sanjay Corp,East,30
398,Kunal Industries,North,30
399,Kunal Group,South,45
400,Priya Exports,North,60
401,Divya Ltd,South,30
402,Pooja Traders,East,45
403,Neha Logistics,East,45
404,Vikram Group,South,30
405,Kavita Retail,East,60
406,Priya Exports,South,30
407,Sanjay Group,West,30
408,Vikram Logistics,North,45
409,Rahul Enterprises,West,30
410,Anita Group,South,45
411,Ritu Industries,North,45
412,Arjun Exports,South,30
413,Rohan Textiles,North,45
414,Amit Traders,North,30
415,Divya Enterprises,North,30
416,Sneha Exports,North,30
417,Anita Corp,South,60
418,Kavita Industries,North,30
419,Kunal Group,North,30
420,Manish Exports,West,30
421,Anita Traders,East,45
422,Priya Exports,East,30
423,Deepak Enterprises,West,30
424,Anita Retail,West,30
425,Sneha Traders,South,30
426,Kavita Ltd,South,45
427,Kavita Ltd,South,30
428,Pooja Ltd,West,30
429,Meera Group,West,60
430,Vikram Industries,North,30
431,Sanjay Traders,South,60
432,Rahul Group,South,30
433,Swati Exports,South,45
434,Neha Enterprises,East,30
435,Neha Corp,North,30
436,Sanjay Exports,South,45
437,Priya Industries,South,45
438,Rahul Enterprises,South,45
439,Rohan Ltd,East,30
440,Rohan Exports,East,45
441,Anita Textiles,West,45
442,Amit Ltd,North,30
443,Vikram Corp,West,45
444,Meera Enterprises,North,45
445,Arjun Logistics,East,30
446,Priya Traders,South,30
447,Amit Ltd,West,30
448,Divya Group,South,30
449,Divya Logistics,West,30
450,Vikram Traders,East,30
451,Vikram Enterprises,East,30
452,Deepak Retail,East,30
453,Sneha Logistics,West,30
454,Sanjay Retail,North,45
455,Swati Exports,West,60
456,Divya Textiles,North,30
457,Divya Traders,West,60
458,Anita Ltd,West,30
459,Kunal Ltd,East,30
460,Manish Ltd,South,30
461,Kunal Textiles,South,30
462,Priya Enterprises,North,45
463,Divya Exports,South,45
464,Deepak Textiles,West,30
465,Deepak Group,West,30
466,Anita Traders,East,30
467,Karan Traders,East,30
468,Divya Retail,South,30
469,Kavita Ltd,North,30
470,Kavita Textiles,South,45
471,Sneha Group,South,60
472,Rahul Enterprises,South,30
473,Rahul Industries,South,60
474,Priya Retail,West,30
475,Vikram Retail,North,30
476,Rahul Group,West,30
477,Anita Industries,North,30
478,Sanjay Exports,East,60
479,Kavita Exports,South,30
480,Kunal Exports,West,30
481,Vikram Industries,North,30
482,Pooja Corp,East,30
483,Deepak Traders,East,45
484,Sneha Industries,South,30
485,Arjun Enterprises,North,30
486,Kavita Retail,West,30
487,Divya Group,South,30
488,Anita Exports,West,30
489,Kunal Retail,East,30
490,Meera Retail,West,30
491,Sanjay Exports,West,45
492,Swati Logistics,South,45
493,Rahul Exports,West,45
494,Arjun Industries,South,30
495,Ritu Industries,East,30
496,Vikram Exports,South,30
497,Vikram Exports,South,45
498,Neha Ltd,North,30
499,Rohan Group,West,30
500,Deepak Exports,East,30
501,Rohan Group,South,30
502,Arjun Textiles,East,30
503,Rahul Enterprises,North,30
504,Meera Industries,West,45
505,Rahul Group,South,30
506,Deepak Exports,West,30
507,Kunal Enterprises,North,30
508,Kunal Logistics,North,30
509,Rohan Retail,East,30
510,Kavita Logistics,South,45
511,Rohan Traders,East,30
512,Kavita Logistics,North,45
513,Arjun Group,West,30
514,Priya Textiles,East,30
515,Swati Corp,East,45
516,Manish Traders,West,30
517,Karan Industries,East,30
518,Anita Enterprises,West,30
519,Rahul Ltd,South,30
520,Arjun Group,West,45
521,Swati Enterprises,South,30
522,Manish Textiles,West,45
523,Manish Industries,North,45
524,Rohan Ltd,North,30
525,Kavita Group,South,60
526,Divya Ltd,South,30
527,Karan Ltd,North,60
528,Sanjay Textiles,South,30
529,Deepak Exports,West,30
530,Deepak Ltd,West,30
531,Sanjay Exports,North,30
532,Deepak Corp,East,30
533,Rahul Traders,West,45
534,Kunal Corp,South,30
535,Priya Group,East,30
536,Manish Corp,East,45
537,Anita Traders,West,30
538,Sneha Ltd,West,60
539,Divya Textiles,East,45
540,Karan Traders,East,60
541,Neha Retail,North,45
542,Deepak Corp,South,30
543,Rahul Textiles,North,30
544,Swati Textiles,West,45
545,Divya Ltd,North,30
546,Amit Exports,North,30
547,Divya Group,North,30
548,Kunal Enterprises,North,60
549,Amit Traders,South,30
550,Rahul Exports,South,30
551,Priya Traders,East,30
552,Meera Exports,West,30
553,Meera Industries,North,30
554,Kavita Enterprises,East,30
555,Meera Textiles,East,30
556,Ritu Corp,East,45
557,Karan Retail,South,30
558,Karan Ltd,North,45
559,Deepak Traders,North,45
560,Sneha Corp,West,30
561,Priya Ltd,North,30
562,Kunal Enterprises,North,30
563,Kavita Retail,East,45
564,Priya Traders,West,30
565,Pooja Industries,North,30
566,Vikram Enterprises,South,30
567,Anita Logistics,North,30
568,Priya Enterprises,East,30
569,Pooja Traders,South,30
570,Kavita Retail,East,45
571,Pooja Exports,North,30
572,Manish Retail,South,30
573,Meera Textiles,West,30
574,Manish Corp,West,45
575,Deepak Ltd,South,30
576,Meera Logistics,South,45
577,Divya Corp,East,30
578,Sanjay Logistics,South,30
579,Karan Logistics,East,30
580,Arjun Industries,North,30
581,Sanjay Corp,East,30
582,Vikram Group,South,30
583,Swati Enterprises,South,45
584,Neha Industries,North,30
585,Rohan Group,South,30
586,Priya Ltd,South,30
587,Vikram Logistics,West,30
588,Anita Retail,West,30
589,Pooja Textiles,North,30
590,Neha Group,East,30
591,Anita Exports,West,30
592,Priya Logistics,East,30
593,Karan Retail,South,30
594,Sanjay Ltd,West,30
595,Meera Corp,North,30
596,Arjun Ltd,North,60
597,Deepak Enterprises,North,30
598,Sneha Traders,West,30
599,Arjun Exports,East,30
600,Arjun Industries,South,45
601,Manish Textiles,East,45
602,Divya Traders,East,30
603,Priya Textiles,South,60
604,Kunal Exports,South,30
605,Vikram Exports,West,30
606,Rahul Retail,West,45
607,Sneha Industries,West,45
608,Deepak Traders,West,30
609,Kavita Ltd,West,30
610,Sanjay Corp,South,30
611,Rohan Retail,East,30
612,Priya Enterprises,West,45
613,Rohan Logistics,West,30
614,Divya Ltd,East,30
615,Rahul Logistics,West,30
616,Arjun Exports,East,30
617,Neha Logistics,East,30
618,Karan Traders,South,30
619,Amit Corp,North,60
620,Vikram Traders,South,45
621,Anita Corp,North,30
622,Pooja Traders,North,45
623,Vikram Ltd,North,45
624,Manish Retail,West,45
625,Manish Exports,South,30
626,Deepak Exports,North,30
627,Manish Textiles,East,30
628,Vikram Group,West,30
629,Ritu Group,South,30
630,Divya Logistics,North,30
631,Swati Logistics,East,30
632,Pooja Retail,South,45
633,Rohan Retail,South,30
634,Kunal Retail,West,30
635,Ritu Textiles,South,60
636,Manish Textiles,West,60
637,Karan Enterprises,North,45
638,Karan Logistics,West,60
639,Deepak Exports,East,30
640,Swati Textiles,West,60
641,Swati Industries,East,30
642,Karan Traders,West,30
643,Swati Retail,South,30
644,Karan Ltd,North,30
645,Meera Exports,East,30
646,Amit Corp,West,30
647,Amit Enterprises,West,45
648,Arjun Exports,West,30
649,Pooja Textiles,South,30
650,Kunal Exports,South,45
651,Manish Industries,East,30
652,Sanjay Corp,East,30
653,Rahul Retail,South,30
654,Pooja Corp,East,30
655,Amit Retail,North,30
656,Priya Textiles,North,60
657,Sanjay Corp,South,30
658,Amit Textiles,East,30
659,Meera Industries,West,45
660,Manish Enterprises,North,45
661,Pooja Logistics,South,30
662,Ritu Exports,East,30
663,Pooja Logistics,South,30
664,Neha Logistics,West,30
665,Karan Industries,North,30
666,Vikram Ltd,South,30
667,Manish Traders,South,60
668,Sanjay Exports,South,30
669,Swati Industries,West,30
670,Swati Enterprises,South,30
671,Ritu Ltd,West,30
672,Meera Logistics,West,30
673,Kunal Ltd,West,30
674,Sneha Retail,North,45
675,Vikram Enterprises,North,30
676,Arjun Group,South,30
677,Karan Exports,South,30
678,Meera Exports,North,30
679,Arjun Corp,East,30
680,Karan Industries,North,30
681,Sneha Exports,West,30
682,Kavita Group,North,30
683,Deepak Retail,West,45
684,Arjun Corp,South,60
685,Rohan Ltd,East,45
686,Amit Exports,South,45
687,Anita Enterprises,West,30
688,Vikram Group,West,60
689,Kunal Textiles,West,30
690,Manish Logistics,East,60
691,Amit Industries,North,60
692,Manish Retail,South,45
693,Amit Corp,South,60
694,Swati Ltd,North,30
695,Amit Traders,South,30
696,Anita Exports,East,30
697,Kunal Logistics,South,30
698,Rohan Industries,West,30
699,Meera Enterprises,North,30
700,Priya Logistics,East,60
701,Amit Logistics,North,30
702,Amit Logistics,East,45
703,Priya Retail,West,60
704,Rohan Exports,North,60
705,Vikram Corp,South,60
706,Kunal Group,East,30
707,Divya Enterprises,North,60
708,Ritu Retail,South,45
709,Swati Group,North,30
710,Vikram Enterprises,North,30
711,Sanjay Ltd,North,45
712,Swati Exports,East,30
713,Sanjay Traders,South,30
714,Amit Exports,West,30
715,Divya Corp,East,30
716,Divya Ltd,East,30
717,Anita Exports,East,45
718,Deepak Exports,West,30
719,Rahul Logistics,South,30
720,Sanjay Logistics,South,30
721,Neha Industries,South,30
722,Anita Textiles,North,60
723,Vikram Retail,North,30
724,Deepak Textiles,North,30
725,Neha Retail,West,30
726,Arjun Enterprises,North,30
727,Karan Corp,West,45
728,Sneha Corp,South,45
729,Meera Textiles,North,30
730,Priya Ltd,North,30
731,Rohan Ltd,East,30
732,Divya Corp,West,30
733,Sanjay Traders,South,30
734,Ritu Group,East,30
735,Deepak Textiles,East,30
736,Neha Logistics,South,30
737,Priya Enterprises,East,60
738,Sneha Industries,West,60
739,Sneha Corp,West,30
740,Sneha Ltd,North,45
741,Pooja Group,East,30
742,Manish Retail,North,30
743,Rahul Group,East,45
744,Swati Corp,West,60
745,Meera Industries,West,60
746,Amit Industries,West,30
747,Pooja Textiles,East,30
748,Arjun Ltd,West,45
749,Anita Traders,East,30
750,Arjun Retail,North,30
751,Priya Corp,East,30
752,Sneha Ltd,North,30
753,Amit Logistics,East,30
754,Karan Textiles,North,30
755,Arjun Industries,West,60
756,Priya Industries,North,30
757,Arjun Traders,West,30
758,Manish Exports,West,30
759,Kunal Enterprises,North,30
760,Kavita Group,East,30
761,Deepak Logistics,East,30
762,Vikram Traders,South,45
763,Rahul Retail,East,30
764,Anita Corp,South,60
765,Amit Ltd,East,30
766,Pooja Corp,East,30
767,Kunal Exports,West,30
768,Meera Logistics,South,30
769,Manish Enterprises,East,45
770,Divya Corp,South,30
771,Kavita Textiles,West,30
772,Amit Enterprises,West,45
773,Amit Industries,South,60
774,Meera Logistics,West,45
775,Meera Textiles,North,30
776,Manish Industries,North,45
777,Sneha Logistics,West,30
778,Anita Logistics,North,30
779,Priya Exports,East,30
780,Divya Ltd,South,30
781,Divya Enterprises,East,30
782,Swati Corp,South,30
783,Meera Group,West,45
784,Arjun Logistics,East,30
785,Rahul Group,West,30
786,Rohan Exports,West,30
787,Arjun Group,South,60
788,Deepak Exports,South,30
789,Rohan Ltd,South,30
790,Pooja Logistics,East,45
791,Meera Group,North,45
792,Kavita Ltd,South,30
793,Neha Exports,South,30
794,Swati Ltd,East,45
795,Priya Ltd,South,30
796,Rahul Logistics,East,30
797,Sanjay Ltd,West,45
798,Sanjay Industries,South,30
799,Karan Corp,South,30
800,Anita Textiles,West,30
801,Meera Retail,West,30
802,Swati Corp,West,30
803,Neha Textiles,South,45
804,Pooja Ltd,North,30
805,Divya Traders,North,30
806,Anita Logistics,North,30
807,Anita Logistics,South,30
808,Karan Logistics,West,60
809,Swati Exports,South,30
810,Divya Corp,West,30
811,Kavita Textiles,South,30
812,Arjun Industries,South,30
813,Ritu Industries,West,30
814,Anita Retail,North,45
815,Amit Logistics,West,60
816,Neha Corp,East,30
817,Pooja Textiles,East,30
818,Pooja Logistics,West,45
819,Sanjay Traders,South,45
820,Deepak Textiles,East,30
821,Meera Industries,East,30
822,Sanjay Exports,South,30
823,Deepak Corp,South,45
824,Anita Corp,North,45
825,Deepak Group,South,30
826,Vikram Exports,West,30
827,Rohan Traders,West,60
828,Neha Traders,North,45
829,Amit Group,East,60
830,Kunal Ltd,East,45
831,Karan Ltd,South,30
832,Kavita Enterprises,West,30
833,Sneha Industries,East,30
834,Swati Ltd,North,30
835,Deepak Logistics,North,30
836,Sneha Retail,West,45
837,Priya Industries,North,30
838,Priya Corp,North,45
839,Sneha Group,West,30
840,Karan Retail,South,60
841,Deepak Traders,South,30
842,Pooja Traders,North,30
843,Sanjay Corp,South,30
844,Divya Enterprises,South,30
845,Kunal Ltd,North,45
846,Amit Retail,South,45
847,Divya Industries,North,30
848,Ritu Textiles,East,30
849,Neha Corp,West,30
850,Vikram Enterprises,West,30
851,Anita Logistics,South,60
852,Kunal Exports,South,45
853,Karan Logistics,South,30
854,Kavita Corp,West,45
855,Karan Group,East,30
856,Manish Logistics,East,60
857,Priya Traders,West,30
858,Vikram Enterprises,East,45
859,Rahul Exports,West,45
860,Pooja Exports,East,30
861,Sneha Textiles,North,45
862,Kunal Retail,North,30
863,Amit Group,West,30
864,Meera Retail,East,30
865,Neha Logistics,South,60
866,Rahul Enterprises,East,45
867,Kavita Exports,North,45
868,Arjun Ltd,North,45
869,Kavita Logistics,East,30
870,Arjun Enterprises,East,60
871,Kunal Enterprises,South,30
872,Pooja Enterprises,South,30
873,Manish Ltd,East,30
874,Pooja Exports,East,45
875,Kunal Group,East,45
876,Pooja Industries,East,30
877,Swati Corp,West,30
878,Rohan Enterprises,East,45
879,Kavita Retail,South,30
880,Rahul Textiles,North,45
881,Amit Group,West,60
882,Vikram Enterprises,East,30
883,Vikram Ltd,North,30
884,Manish Traders,West,45
885,Meera Retail,North,45
886,Kavita Enterprises,East,30
887,Swati Exports,East,60
888,Arjun Corp,South,30
889,Swati Logistics,East,30
890,Karan Exports,East,45
891,Kunal Corp,West,45
892,Pooja Group,South,30
893,Kavita Textiles,West,45
894,Sanjay Industries,North,30
895,Ritu Corp,East,30
896,Neha Textiles,North,30
897,Divya Corp,West,45
898,Rahul Textiles,East,30
899,Divya Group,East,30
900,Vikram Group,West,30
901,Kunal Corp,West,45
902,Rahul Textiles,West,30
903,Arjun Retail,West,45
904,Swati Corp,West,30
905,Manish Retail,East,30
906,Divya Exports,West,30
907,Manish Exports,East,45
908,Meera Industries,East,60
909,Rahul Ltd,West,30
910,Deepak Enterprises,West,30
911,Ritu Enterprises,South,30
912,Rohan Retail,East,30
913,Priya Corp,West,30
914,Anita Logistics,West,30
915,Rahul Logistics,West,30
916,Ritu Logistics,South,30
917,Sanjay Logistics,South,30
918,Arjun Industries,North,45
919,Priya Group,East,30
920,Meera Industries,North,30
921,Anita Traders,West,45
922,Anita Corp,South,30
923,Swati Logistics,South,30
924,Deepak Ltd,North,30
925,Karan Logistics,South,30
926,Kunal Ltd,West,30
927,Pooja Retail,South,30
928,Karan Enterprises,North,60
929,Deepak Logistics,West,30
930,Rahul Ltd,North,30
931,Manish Traders,South,30
932,Pooja Group,North,30
933,Arjun Traders,North,30
934,Divya Retail,East,45
935,Priya Logistics,South,30
936,Amit Enterprises,South,30
937,Divya Corp,North,30
938,Anita Enterprises,East,30
939,Pooja Enterprises,South,60
940,Priya Enterprises,West,30
941,Kunal Industries,North,30
942,Kunal Textiles,South,30
943,Anita Corp,West,60
944,Pooja Enterprises,South,30
945,Arjun Textiles,West,30
946,Ritu Enterprises,North,45
947,Kunal Logistics,South,45
948,Sneha Traders,South,30
949,Kunal Industries,East,30
950,Sanjay Group,North,30
951,Deepak Corp,West,30
952,Meera Industries,South,30
953,Ritu Enterprises,South,30
954,Kavita Traders,West,30
955,Divya Retail,North,30
956,Sneha Corp,East,30
957,Priya Ltd,East,60
958,Sanjay Industries,South,30
959,Arjun Textiles,West,30
960,Pooja Retail,South,30
961,Karan Textiles,West,60
962,Manish Retail,East,30
963,Neha Exports,North,30
964,Sneha Industries,West,30
965,Sneha Group,East,30
966,Karan Group,South,30
967,Rahul Exports,West,30
968,Sanjay Retail,North,30
969,Kunal Textiles,South,60
970,Rohan Retail,South,30
971,Rohan Retail,East,30
972,Neha Exports,West,45
973,Ritu Ltd,South,30
974,Vikram Industries,North,30
975,Swati Exports,West,30
976,Deepak Industries,North,30
977,Karan Retail,South,45
978,Swati Traders,North,60
979,Sneha Retail,East,30
980,Rahul Textiles,North,30
981,Swati Enterprises,West,60
982,Kunal Ltd,North,45
983,Amit Corp,North,45
984,Rahul Textiles,East,30
985,Manish Group,North,30
986,Ritu Enterprises,North,45
987,Kunal Traders,South,30
988,Karan Retail,South,30
989,Rohan Logistics,West,30
990,Priya Traders,South,30
991,Karan Enterprises,South,30
992,Swati Traders,South,30
993,Neha Group,South,60
994,Karan Logistics,East,30
995,Manish Textiles,South,45
996,Meera Traders,East,30
997,Sneha Retail,East,30
998,Anita Retail,South,60
999,Karan Industries,North,30
1000,Divya Enterprises,East,30
