po_id,line_id,product_id,quantity,unit_cost
1,1,P1084,11,166.13
1,2,P1124,182,455.07
1,3,P1130,163,172.57
2,4,P1054,84,154.2
2,5,P1139,132,278.97
3,6,P1000,169,136.85
3,7,P1067,49,344.06
3,8,P1067,52,344.06
4,9,P1098,166,282.91
4,10,P1051,111,160.92
5,11,P1138,23,197.5
6,12,P1165,199,180.53
7,13,P1022,98,132.6
7,14,P1033,115,195.81
8,15,P1006,61,241.77
8,16,P1133,122,447.19
8,17,P1106,142,408.61
9,18,P1198,52,231.14
9,19,P1054,113,154.2
10,20,P1171,154,106.96
10,21,P1075,179,292.75
11,22,P1024,84,62.99
11,23,P1165,83,180.53
11,24,P1164,117,429.12
12,25,P1142,195,172.04
12,26,P1184,155,285.56
13,27,P1149,35,282.64
13,28,P1112,157,444.58
13,29,P1149,144,282.64
14,30,P1133,130,447.19
14,31,P1140,58,315.91
14,32,P1178,127,276.28
15,33,P1185,196,111.5
16,34,P1179,56,175.99
16,35,P1057,147,373.34
17,36,P1095,115,203.91
18,37,P1078,126,489.23
18,38,P1001,125,58.77
19,39,P1191,105,89.49
19,40,P1152,173,320.46
19,41,P1183,55,76.5
20,42,P1079,128,165.08
20,43,P1048,68,345.05
20,44,P1033,144,195.81
21,45,P1150,90,424.36
21,46,P1058,172,443.58
21,47,P1037,34,142.11
22,48,P1032,10,349.97
22,49,P1001,71,58.77
23,50,P1098,179,282.91
23,51,P1094,14,113.95
23,52,P1051,47,160.92
24,53,P1182,31,316.7
24,54,P1082,72,35.88
24,55,P1027,130,276.32
25,56,P1147,180,175.87
25,57,P1093,170,356.24
26,58,P1007,84,182.23
26,59,P1044,193,345.07
26,60,P1042,169,372.99
27,61,P1119,171,429.68
28,62,P1135,148,342.78
28,63,P1068,102,142.48
29,64,P1096,53,285.94
29,65,P1173,106,94.27
30,66,P1050,17,98.34
30,67,P1045,150,447.5
30,68,P1036,172,69.34
31,69,P1002,26,227.87
32,70,P1127,177,357.19
33,71,P1071,30,395.38
33,72,P1145,161,82.47
33,73,P1093,179,356.24
34,74,P1188,103,205.8
34,75,P1025,66,292.72
35,76,P1022,101,132.6
36,77,P1055,101,415.33
36,78,P1126,38,33.54
36,79,P1042,53,372.99
37,80,P1098,117,282.91
37,81,P1156,70,89.69
38,82,P1169,29,167.84
38,83,P1123,63,239.15
39,84,P1170,165,207.47
40,85,P1030,128,444.63
41,86,P1147,129,175.87
41,87,P1151,151,87.35
42,88,P1187,181,43.99
42,89,P1183,154,76.5
43,90,P1193,161,282.24
43,91,P1067,18,344.06
44,92,P1072,34,69.66
45,93,P1026,50,30.31
45,94,P1126,146,33.54
46,95,P1085,147,139.55
47,96,P1069,113,436.57
47,97,P1163,60,478.66
48,98,P1013,37,360.62
48,99,P1089,79,116.42
48,100,P1100,83,144.66
49,101,P1039,132,183.94
49,102,P1120,167,402.41
49,103,P1182,133,316.7
50,104,P1074,73,111.17
50,105,P1018,57,389.28
50,106,P1113,185,45.1
51,107,P1000,112,136.85
51,108,P1160,107,218.14
52,109,P1158,131,37.36
53,110,P1135,167,342.78
53,111,P1152,77,320.46
53,112,P1137,95,466.13
54,113,P1123,65,239.15
55,114,P1106,95,408.61
56,115,P1054,191,154.2
57,116,P1057,191,373.34
57,117,P1003,14,137.45
58,118,P1048,101,345.05
58,119,P1013,183,360.62
58,120,P1168,66,267.34
59,121,P1009,191,183.9
59,122,P1098,46,282.91
59,123,P1023,61,271.43
60,124,P1144,142,150.01
61,125,P1053,34,348.12
61,126,P1163,77,478.66
61,127,P1188,180,205.8
62,128,P1068,97,142.48
63,129,P1112,134,444.58
63,130,P1120,169,402.41
64,131,P1016,102,60.67
64,132,P1160,196,218.14
64,133,P1136,59,150.39
65,134,P1059,84,224.34
66,135,P1120,142,402.41
67,136,P1182,181,316.7
67,137,P1158,15,37.36
67,138,P1166,85,267.96
68,139,P1015,135,346.46
68,140,P1068,46,142.48
69,141,P1005,127,308.82
70,142,P1165,84,180.53
70,143,P1022,158,132.6
70,144,P1039,147,183.94
71,145,P1031,177,283.46
71,146,P1033,147,195.81
72,147,P1071,107,395.38
72,148,P1009,129,183.9
73,149,P1168,66,267.34
73,150,P1021,175,364.39
73,151,P1085,18,139.55
74,152,P1063,80,124.62
74,153,P1070,89,266.27
75,154,P1107,111,417.58
76,155,P1080,152,362.77
76,156,P1024,145,62.99
77,157,P1044,67,345.07
77,158,P1026,24,30.31
78,159,P1143,81,261.16
78,160,P1117,62,48.33
78,161,P1157,184,162.53
79,162,P1040,82,257.88
79,163,P1191,157,89.49
79,164,P1100,32,144.66
80,165,P1115,172,28.83
80,166,P1187,170,43.99
80,167,P1183,127,76.5
81,168,P1014,137,452.45
81,169,P1188,167,205.8
81,170,P1167,73,296.43
82,171,P1132,25,295.43
82,172,P1056,17,334.84
82,173,P1110,192,206.28
83,174,P1116,196,52.28
84,175,P1067,95,344.06
84,176,P1116,92,52.28
84,177,P1189,186,385.52
85,178,P1090,95,243.92
85,179,P1099,60,255.82
86,180,P1050,125,98.34
87,181,P1009,54,183.9
88,182,P1133,138,447.19
88,183,P1128,83,418.75
88,184,P1087,75,140.16
89,185,P1067,104,344.06
89,186,P1063,135,124.62
89,187,P1070,110,266.27
90,188,P1153,44,188.52
90,189,P1114,48,75.45
91,190,P1031,38,283.46
92,191,P1129,115,127.8
93,192,P1074,97,111.17
93,193,P1178,152,276.28
94,194,P1199,89,289.09
95,195,P1093,25,356.24
95,196,P1070,103,266.27
95,197,P1157,96,162.53
96,198,P1095,54,203.91
96,199,P1023,105,271.43
96,200,P1103,165,290.94
97,201,P1180,105,77.6
97,202,P1145,178,82.47
98,203,P1190,163,379.59
98,204,P1000,47,136.85
98,205,P1047,37,285.65
99,206,P1149,110,282.64
99,207,P1170,37,207.47
100,208,P1021,69,364.39
100,209,P1006,64,241.77
100,210,P1013,71,360.62
101,211,P1108,65,191.84
101,212,P1036,53,69.34
102,213,P1115,88,28.83
103,214,P1033,174,195.81
103,215,P1015,116,346.46
104,216,P1101,141,259.81
104,217,P1014,44,452.45
105,218,P1149,156,282.64
105,219,P1013,135,360.62
105,220,P1007,91,182.23
106,221,P1046,101,238.77
106,222,P1093,138,356.24
107,223,P1098,83,282.91
108,224,P1163,76,478.66
108,225,P1094,194,113.95
108,226,P1092,109,478.49
109,227,P1023,168,271.43
109,228,P1016,128,60.67
109,229,P1020,114,50.05
110,230,P1114,12,75.45
110,231,P1109,46,353.84
111,232,P1123,27,239.15
111,233,P1157,55,162.53
112,234,P1093,38,356.24
112,235,P1117,85,48.33
113,236,P1006,50,241.77
113,237,P1092,96,478.49
114,238,P1006,47,241.77
114,239,P1138,88,197.5
115,240,P1081,82,323.19
115,241,P1039,27,183.94
115,242,P1041,15,254.37
116,243,P1196,93,317.86
117,244,P1065,64,54.69
117,245,P1146,47,421.56
118,246,P1070,134,266.27
118,247,P1012,184,154.38
119,248,P1094,83,113.95
119,249,P1145,176,82.47
119,250,P1189,131,385.52
120,251,P1108,170,191.84
120,252,P1117,25,48.33
121,253,P1103,44,290.94
121,254,P1121,97,320.62
121,255,P1032,37,349.97
122,256,P1014,113,452.45
123,257,P1175,80,227.87
123,258,P1008,87,241.17
123,259,P1103,137,290.94
124,260,P1050,100,98.34
124,261,P1098,12,282.91
124,262,P1072,77,69.66
125,263,P1187,98,43.99
125,264,P1176,111,337.23
125,265,P1016,187,60.67
126,266,P1070,135,266.27
126,267,P1064,167,375.68
127,268,P1028,168,420.17
127,269,P1040,35,257.88
128,270,P1149,125,282.64
128,271,P1142,130,172.04
129,272,P1187,55,43.99
130,273,P1163,65,478.66
130,274,P1041,141,254.37
131,275,P1191,110,89.49
131,276,P1181,181,81.24
132,277,P1012,132,154.38
132,278,P1165,33,180.53
133,279,P1071,176,395.38
134,280,P1001,24,58.77
134,281,P1069,74,436.57
135,282,P1106,173,408.61
135,283,P1176,153,337.23
135,284,P1182,64,316.7
136,285,P1066,74,33.19
137,286,P1091,157,403.86
137,287,P1105,118,473.95
137,288,P1051,170,160.92
138,289,P1071,197,395.38
138,290,P1174,182,26.27
138,291,P1178,177,276.28
139,292,P1031,169,283.46
139,293,P1181,167,81.24
140,294,P1120,156,402.41
140,295,P1148,173,219.67
140,296,P1082,155,35.88
141,297,P1101,130,259.81
142,298,P1189,15,385.52
143,299,P1111,122,31.63
143,300,P1063,103,124.62
144,301,P1006,34,241.77
144,302,P1060,13,110.53
145,303,P1095,79,203.91
145,304,P1074,46,111.17
146,305,P1007,12,182.23
147,306,P1137,24,466.13
148,307,P1082,24,35.88
148,308,P1096,116,285.94
149,309,P1183,67,76.5
150,310,P1076,63,312.65
150,311,P1194,198,348.44
150,312,P1010,79,431.29
151,313,P1042,127,372.99
151,314,P1090,156,243.92
151,315,P1090,183,243.92
152,316,P1187,47,43.99
152,317,P1039,75,183.94
153,318,P1118,178,345.11
153,319,P1126,171,33.54
153,320,P1156,108,89.69
154,321,P1188,148,205.8
155,322,P1099,147,255.82
155,323,P1191,81,89.49
155,324,P1069,186,436.57
156,325,P1061,27,469.05
156,326,P1160,173,218.14
157,327,P1051,50,160.92
157,328,P1028,30,420.17
157,329,P1048,15,345.05
158,330,P1087,165,140.16
158,331,P1054,155,154.2
159,332,P1022,61,132.6
159,333,P1089,166,116.42
160,334,P1157,115,162.53
160,335,P1019,42,135.07
160,336,P1019,118,135.07
161,337,P1000,170,136.85
162,338,P1082,51,35.88
163,339,P1142,174,172.04
164,340,P1118,49,345.11
164,341,P1138,143,197.5
164,342,P1094,88,113.95
165,343,P1144,96,150.01
166,344,P1080,120,362.77
166,345,P1028,55,420.17
167,346,P1100,119,144.66
167,347,P1167,128,296.43
168,348,P1024,82,62.99
169,349,P1118,44,345.11
170,350,P1029,120,298.76
170,351,P1134,138,249.28
171,352,P1053,110,348.12
171,353,P1086,61,48.1
172,354,P1114,57,75.45
172,355,P1167,191,296.43
173,356,P1150,163,424.36
173,357,P1035,186,181.19
174,358,P1089,144,116.42
175,359,P1047,168,285.65
175,360,P1160,13,218.14
175,361,P1055,131,415.33
176,362,P1014,16,452.45
177,363,P1177,101,106.85
177,364,P1017,74,451.51
178,365,P1104,83,408.18
178,366,P1010,99,431.29
179,367,P1071,74,395.38
180,368,P1128,198,418.75
180,369,P1186,105,435.74
180,370,P1153,31,188.52
181,371,P1114,138,75.45
181,372,P1154,111,437.38
181,373,P1007,136,182.23
182,374,P1130,86,172.57
182,375,P1031,35,283.46
183,376,P1105,115,473.95
183,377,P1140,154,315.91
183,378,P1076,70,312.65
184,379,P1072,88,69.66
185,380,P1150,115,424.36
185,381,P1191,176,89.49
185,382,P1031,97,283.46
186,383,P1176,99,337.23
186,384,P1084,95,166.13
187,385,P1062,149,498.0
188,386,P1028,148,420.17
189,387,P1160,150,218.14
189,388,P1157,39,162.53
189,389,P1082,87,35.88
190,390,P1067,31,344.06
191,391,P1199,29,289.09
192,392,P1128,113,418.75
192,393,P1081,147,323.19
192,394,P1028,192,420.17
193,395,P1186,25,435.74
193,396,P1040,112,257.88
194,397,P1146,27,421.56
195,398,P1036,63,69.34
196,399,P1181,117,81.24
196,400,P1153,118,188.52
197,401,P1143,19,261.16
197,402,P1150,125,424.36
197,403,P1051,44,160.92
198,404,P1005,161,308.82
198,405,P1199,132,289.09
198,406,P1009,93,183.9
199,407,P1191,18,89.49
200,408,P1062,154,498.0
201,409,P1076,138,312.65
201,410,P1118,54,345.11
201,411,P1199,133,289.09
202,412,P1183,152,76.5
203,413,P1110,197,206.28
203,414,P1035,179,181.19
204,415,P1168,23,267.34
205,416,P1177,87,106.85
206,417,P1115,130,28.83
206,418,P1138,199,197.5
207,419,P1013,54,360.62
207,420,P1116,56,52.28
207,421,P1061,44,469.05
208,422,P1109,175,353.84
208,423,P1130,114,172.57
209,424,P1061,171,469.05
209,425,P1089,77,116.42
209,426,P1147,10,175.87
210,427,P1090,11,243.92
210,428,P1020,67,50.05
211,429,P1019,56,135.07
211,430,P1059,109,224.34
212,431,P1175,157,227.87
213,432,P1119,185,429.68
213,433,P1076,44,312.65
213,434,P1114,175,75.45
214,435,P1016,110,60.67
214,436,P1018,120,389.28
214,437,P1102,198,172.98
215,438,P1179,133,175.99
216,439,P1127,147,357.19
216,440,P1190,105,379.59
216,441,P1035,186,181.19
217,442,P1051,154,160.92
217,443,P1164,63,429.12
218,444,P1066,67,33.19
218,445,P1029,69,298.76
218,446,P1197,45,395.9
219,447,P1125,102,240.76
219,448,P1042,195,372.99
220,449,P1031,69,283.46
221,450,P1145,34,82.47
221,451,P1138,107,197.5
221,452,P1123,40,239.15
222,453,P1130,119,172.57
223,454,P1180,180,77.6
223,455,P1018,69,389.28
223,456,P1057,15,373.34
224,457,P1103,111,290.94
225,458,P1194,21,348.44
225,459,P1091,69,403.86
226,460,P1062,67,498.0
226,461,P1164,181,429.12
227,462,P1041,51,254.37
227,463,P1111,59,31.63
228,464,P1190,170,379.59
228,465,P1167,32,296.43
228,466,P1093,119,356.24
229,467,P1065,22,54.69
230,468,P1102,67,172.98
230,469,P1145,91,82.47
230,470,P1185,115,111.5
231,471,P1109,87,353.84
232,472,P1196,82,317.86
233,473,P1175,183,227.87
233,474,P1073,93,439.74
234,475,P1169,34,167.84
235,476,P1004,197,481.29
236,477,P1193,92,282.24
236,478,P1076,198,312.65
236,479,P1089,188,116.42
237,480,P1120,121,402.41
237,481,P1074,74,111.17
238,482,P1022,115,132.6
239,483,P1043,106,209.96
239,484,P1165,71,180.53
239,485,P1027,18,276.32
240,486,P1187,155,43.99
241,487,P1134,23,249.28
241,488,P1145,170,82.47
241,489,P1112,19,444.58
242,490,P1040,194,257.88
242,491,P1078,179,489.23
243,492,P1079,18,165.08
243,493,P1027,73,276.32
243,494,P1085,78,139.55
244,495,P1171,58,106.96
244,496,P1157,38,162.53
245,497,P1114,24,75.45
245,498,P1031,67,283.46
246,499,P1007,65,182.23
246,500,P1114,92,75.45
247,501,P1089,40,116.42
248,502,P1041,119,254.37
248,503,P1194,123,348.44
249,504,P1107,84,417.58
249,505,P1128,122,418.75
250,506,P1015,190,346.46
250,507,P1009,119,183.9
251,508,P1185,125,111.5
251,509,P1092,158,478.49
251,510,P1047,29,285.65
252,511,P1169,162,167.84
252,512,P1092,165,478.49
253,513,P1185,52,111.5
254,514,P1151,126,87.35
254,515,P1095,10,203.91
255,516,P1060,91,110.53
255,517,P1176,85,337.23
256,518,P1152,23,320.46
256,519,P1054,31,154.2
256,520,P1080,20,362.77
257,521,P1029,138,298.76
257,522,P1025,175,292.72
257,523,P1105,56,473.95
258,524,P1169,121,167.84
258,525,P1093,163,356.24
259,526,P1112,42,444.58
259,527,P1170,132,207.47
259,528,P1163,142,478.66
260,529,P1189,121,385.52
261,530,P1030,182,444.63
261,531,P1100,52,144.66
262,532,P1060,142,110.53
262,533,P1043,134,209.96
263,534,P1171,146,106.96
264,535,P1001,83,58.77
264,536,P1190,49,379.59
265,537,P1041,18,254.37
265,538,P1149,117,282.64
265,539,P1050,55,98.34
266,540,P1085,72,139.55
266,541,P1193,55,282.24
267,542,P1111,51,31.63
267,543,P1059,106,224.34
268,544,P1089,16,116.42
269,545,P1102,157,172.98
269,546,P1160,147,218.14
270,547,P1027,60,276.32
271,548,P1048,39,345.05
271,549,P1116,30,52.28
272,550,P1006,56,241.77
272,551,P1174,137,26.27
272,552,P1184,36,285.56
273,553,P1144,77,150.01
273,554,P1073,92,439.74
274,555,P1122,124,397.28
275,556,P1061,108,469.05
275,557,P1135,188,342.78
275,558,P1147,118,175.87
276,559,P1073,121,439.74
276,560,P1134,79,249.28
276,561,P1170,77,207.47
277,562,P1003,179,137.45
277,563,P1010,84,431.29
278,564,P1159,24,389.87
278,565,P1030,156,444.63
279,566,P1049,16,257.17
279,567,P1151,91,87.35
280,568,P1088,115,317.63
280,569,P1135,102,342.78
281,570,P1123,111,239.15
281,571,P1160,199,218.14
281,572,P1000,108,136.85
282,573,P1094,13,113.95
283,574,P1123,151,239.15
284,575,P1014,63,452.45
284,576,P1038,58,205.78
284,577,P1051,180,160.92
285,578,P1052,148,33.53
285,579,P1094,46,113.95
286,580,P1106,63,408.61
286,581,P1093,141,356.24
287,582,P1039,102,183.94
287,583,P1169,116,167.84
287,584,P1098,144,282.91
288,585,P1169,172,167.84
288,586,P1098,192,282.91
289,587,P1126,61,33.54
290,588,P1102,157,172.98
291,589,P1054,72,154.2
291,590,P1069,138,436.57
292,591,P1090,140,243.92
292,592,P1169,57,167.84
293,593,P1077,105,51.66
294,594,P1053,111,348.12
294,595,P1123,165,239.15
294,596,P1052,150,33.53
295,597,P1143,191,261.16
296,598,P1043,176,209.96
296,599,P1124,146,455.07
297,600,P1162,193,26.46
297,601,P1149,197,282.64
297,602,P1174,137,26.27
298,603,P1004,55,481.29
299,604,P1022,22,132.6
299,605,P1135,111,342.78
299,606,P1169,169,167.84
300,607,P1096,19,285.94
300,608,P1135,71,342.78
301,609,P1173,64,94.27
301,610,P1024,54,62.99
301,611,P1197,81,395.9
302,612,P1020,96,50.05
302,613,P1050,61,98.34
302,614,P1045,129,447.5
303,615,P1003,173,137.45
303,616,P1001,35,58.77
303,617,P1159,26,389.87
304,618,P1103,160,290.94
304,619,P1094,31,113.95
305,620,P1110,196,206.28
305,621,P1147,93,175.87
306,622,P1191,188,89.49
307,623,P1068,66,142.48
308,624,P1046,88,238.77
309,625,P1104,47,408.18
309,626,P1199,101,289.09
309,627,P1190,173,379.59
310,628,P1050,68,98.34
310,629,P1069,85,436.57
310,630,P1161,26,43.36
311,631,P1158,146,37.36
311,632,P1199,110,289.09
311,633,P1119,77,429.68
312,634,P1100,43,144.66
313,635,P1014,87,452.45
313,636,P1154,41,437.38
314,637,P1093,22,356.24
314,638,P1083,192,433.93
315,639,P1185,84,111.5
315,640,P1030,117,444.63
315,641,P1006,95,241.77
316,642,P1048,186,345.05
316,643,P1104,45,408.18
317,644,P1037,138,142.11
317,645,P1161,138,43.36
317,646,P1069,191,436.57
318,647,P1132,125,295.43
318,648,P1090,175,243.92
319,649,P1086,29,48.1
320,650,P1170,129,207.47
320,651,P1161,61,43.36
320,652,P1044,74,345.07
321,653,P1090,63,243.92
322,654,P1145,190,82.47
322,655,P1052,69,33.53
323,656,P1012,119,154.38
323,657,P1073,115,439.74
324,658,P1079,136,165.08
325,659,P1140,139,315.91
325,660,P1044,19,345.07
326,661,P1014,39,452.45
326,662,P1025,124,292.72
327,663,P1128,140,418.75
328,664,P1092,132,478.49
328,665,P1065,65,54.69
329,666,P1155,50,337.37
329,667,P1064,38,375.68
329,668,P1148,126,219.67
330,669,P1004,11,481.29
330,670,P1080,92,362.77
331,671,P1054,26,154.2
331,672,P1156,78,89.69
331,673,P1078,57,489.23
332,674,P1044,41,345.07
333,675,P1137,196,466.13
333,676,P1120,186,402.41
334,677,P1043,73,209.96
334,678,P1008,131,241.17
335,679,P1172,143,35.94
335,680,P1155,166,337.37
335,681,P1055,63,415.33
336,682,P1090,82,243.92
336,683,P1060,144,110.53
336,684,P1019,166,135.07
337,685,P1060,27,110.53
337,686,P1081,24,323.19
337,687,P1138,79,197.5
338,688,P1118,136,345.11
339,689,P1168,14,267.34
339,690,P1013,55,360.62
340,691,P1030,49,444.63
340,692,P1092,69,478.49
340,693,P1161,70,43.36
341,694,P1117,143,48.33
341,695,P1117,184,48.33
341,696,P1121,40,320.62
342,697,P1095,43,203.91
342,698,P1004,155,481.29
343,699,P1133,163,447.19
343,700,P1144,165,150.01
343,701,P1190,35,379.59
344,702,P1043,98,209.96
344,703,P1022,189,132.6
344,704,P1014,128,452.45
345,705,P1062,10,498.0
345,706,P1099,17,255.82
345,707,P1037,139,142.11
346,708,P1057,72,373.34
347,709,P1155,190,337.37
347,710,P1065,89,54.69
347,711,P1028,53,420.17
348,712,P1196,12,317.86
349,713,P1162,10,26.46
349,714,P1083,169,433.93
349,715,P1169,68,167.84
350,716,P1133,73,447.19
350,717,P1043,122,209.96
350,718,P1199,19,289.09
351,719,P1035,199,181.19
352,720,P1119,188,429.68
352,721,P1051,89,160.92
352,722,P1028,122,420.17
353,723,P1075,37,292.75
353,724,P1178,134,276.28
353,725,P1004,125,481.29
354,726,P1109,96,353.84
354,727,P1199,153,289.09
354,728,P1100,50,144.66
355,729,P1102,128,172.98
355,730,P1152,126,320.46
356,731,P1059,181,224.34
357,732,P1034,183,162.46
357,733,P1116,123,52.28
357,734,P1095,155,203.91
358,735,P1195,145,381.1
358,736,P1178,39,276.28
359,737,P1143,155,261.16
359,738,P1101,62,259.81
360,739,P1151,58,87.35
361,740,P1111,56,31.63
361,741,P1139,89,278.97
362,742,P1032,17,349.97
362,743,P1196,110,317.86
362,744,P1171,160,106.96
363,745,P1019,174,135.07
364,746,P1199,83,289.09
365,747,P1032,50,349.97
365,748,P1029,31,298.76
365,749,P1043,177,209.96
366,750,P1066,108,33.19
366,751,P1193,54,282.24
366,752,P1133,144,447.19
367,753,P1046,148,238.77
367,754,P1045,57,447.5
367,755,P1036,124,69.34
368,756,P1002,133,227.87
368,757,P1087,142,140.16
368,758,P1031,181,283.46
369,759,P1150,138,424.36
370,760,P1016,105,60.67
371,761,P1163,30,478.66
371,762,P1169,186,167.84
371,763,P1045,158,447.5
372,764,P1062,196,498.0
372,765,P1094,190,113.95
372,766,P1005,143,308.82
373,767,P1026,157,30.31
373,768,P1046,94,238.77
374,769,P1135,40,342.78
374,770,P1104,66,408.18
375,771,P1187,147,43.99
375,772,P1085,166,139.55
376,773,P1168,59,267.34
376,774,P1150,174,424.36
376,775,P1154,85,437.38
377,776,P1009,172,183.9
377,777,P1033,191,195.81
377,778,P1107,106,417.58
378,779,P1163,47,478.66
378,780,P1015,32,346.46
378,781,P1034,118,162.46
379,782,P1036,137,69.34
379,783,P1084,22,166.13
380,784,P1096,75,285.94
380,785,P1120,165,402.41
380,786,P1022,98,132.6
381,787,P1006,16,241.77
381,788,P1025,164,292.72
381,789,P1047,177,285.65
382,790,P1050,11,98.34
382,791,P1093,190,356.24
383,792,P1087,83,140.16
383,793,P1031,64,283.46
383,794,P1073,184,439.74
384,795,P1151,68,87.35
385,796,P1051,133,160.92
385,797,P1115,130,28.83
385,798,P1129,42,127.8
386,799,P1061,194,469.05
387,800,P1045,137,447.5
387,801,P1028,97,420.17
387,802,P1178,140,276.28
388,803,P1090,87,243.92
389,804,P1006,39,241.77
390,805,P1156,164,89.69
391,806,P1038,147,205.78
391,807,P1000,193,136.85
392,808,P1095,23,203.91
392,809,P1185,90,111.5
392,810,P1163,69,478.66
393,811,P1106,55,408.61
393,812,P1194,177,348.44
393,813,P1153,64,188.52
394,814,P1163,54,478.66
394,815,P1012,43,154.38
394,816,P1100,120,144.66
395,817,P1152,179,320.46
395,818,P1007,182,182.23
395,819,P1000,192,136.85
396,820,P1065,52,54.69
397,821,P1148,140,219.67
398,822,P1107,28,417.58
398,823,P1174,33,26.27
398,824,P1008,180,241.17
399,825,P1140,101,315.91
399,826,P1093,153,356.24
400,827,P1147,110,175.87
401,828,P1116,148,52.28
401,829,P1011,152,142.8
402,830,P1153,26,188.52
402,831,P1179,171,175.99
402,832,P1006,90,241.77
403,833,P1056,148,334.84
403,834,P1046,190,238.77
404,835,P1157,173,162.53
404,836,P1027,105,276.32
404,837,P1160,75,218.14
405,838,P1158,185,37.36
406,839,P1015,28,346.46
406,840,P1058,184,443.58
406,841,P1190,183,379.59
407,842,P1108,116,191.84
408,843,P1069,131,436.57
408,844,P1121,113,320.62
409,845,P1183,125,76.5
409,846,P1051,64,160.92
409,847,P1182,182,316.7
410,848,P1103,160,290.94
411,849,P1158,114,37.36
411,850,P1102,170,172.98
412,851,P1150,39,424.36
412,852,P1140,26,315.91
413,853,P1127,99,357.19
413,854,P1095,193,203.91
413,855,P1180,167,77.6
414,856,P1186,81,435.74
414,857,P1151,133,87.35
414,858,P1178,131,276.28
415,859,P1135,114,342.78
415,860,P1177,110,106.85
415,861,P1161,131,43.36
416,862,P1052,143,33.53
417,863,P1189,32,385.52
418,864,P1044,151,345.07
418,865,P1132,90,295.43
419,866,P1010,26,431.29
420,867,P1088,88,317.63
420,868,P1024,147,62.99
421,869,P1106,72,408.61
421,870,P1024,181,62.99
422,871,P1102,158,172.98
422,872,P1145,109,82.47
423,873,P1001,57,58.77
423,874,P1037,100,142.11
423,875,P1194,122,348.44
424,876,P1091,122,403.86
425,877,P1020,128,50.05
426,878,P1112,133,444.58
426,879,P1031,30,283.46
426,880,P1003,106,137.45
427,881,P1146,161,421.56
427,882,P1115,96,28.83
427,883,P1150,125,424.36
428,884,P1155,149,337.37
429,885,P1129,118,127.8
429,886,P1101,158,259.81
429,887,P1183,167,76.5
430,888,P1144,70,150.01
431,889,P1036,178,69.34
431,890,P1085,181,139.55
431,891,P1067,142,344.06
432,892,P1091,83,403.86
433,893,P1188,193,205.8
433,894,P1006,81,241.77
434,895,P1118,38,345.11
434,896,P1051,41,160.92
435,897,P1025,165,292.72
435,898,P1057,198,373.34
436,899,P1075,80,292.75
437,900,P1152,18,320.46
437,901,P1013,31,360.62
438,902,P1181,147,81.24
439,903,P1144,114,150.01
439,904,P1148,137,219.67
440,905,P1142,143,172.04
440,906,P1099,80,255.82
441,907,P1108,19,191.84
442,908,P1115,133,28.83
442,909,P1185,133,111.5
443,910,P1110,59,206.28
444,911,P1073,89,439.74
445,912,P1127,169,357.19
445,913,P1069,144,436.57
446,914,P1046,39,238.77
446,915,P1068,112,142.48
446,916,P1196,158,317.86
447,917,P1101,199,259.81
447,918,P1193,27,282.24
448,919,P1088,90,317.63
448,920,P1149,192,282.64
449,921,P1177,127,106.85
449,922,P1080,22,362.77
450,923,P1134,147,249.28
450,924,P1197,96,395.9
451,925,P1110,193,206.28
451,926,P1144,187,150.01
452,927,P1118,187,345.11
452,928,P1104,134,408.18
452,929,P1107,169,417.58
453,930,P1051,50,160.92
453,931,P1067,196,344.06
453,932,P1143,47,261.16
454,933,P1085,16,139.55
454,934,P1038,107,205.78
455,935,P1100,193,144.66
455,936,P1091,56,403.86
456,937,P1179,124,175.99
457,938,P1028,140,420.17
458,939,P1066,106,33.19
459,940,P1173,138,94.27
459,941,P1156,34,89.69
459,942,P1194,130,348.44
460,943,P1103,48,290.94
460,944,P1033,76,195.81
460,945,P1134,171,249.28
461,946,P1006,14,241.77
461,947,P1199,57,289.09
462,948,P1079,69,165.08
462,949,P1145,55,82.47
463,950,P1118,162,345.11
463,951,P1047,157,285.65
463,952,P1061,130,469.05
464,953,P1090,183,243.92
464,954,P1143,72,261.16
464,955,P1092,143,478.49
465,956,P1091,120,403.86
465,957,P1017,57,451.51
465,958,P1078,29,489.23
466,959,P1115,61,28.83
466,960,P1071,189,395.38
467,961,P1158,146,37.36
467,962,P1028,199,420.17
468,963,P1148,149,219.67
468,964,P1168,109,267.34
468,965,P1180,100,77.6
469,966,P1150,19,424.36
469,967,P1114,35,75.45
469,968,P1175,182,227.87
470,969,P1064,169,375.68
471,970,P1120,65,402.41
472,971,P1037,124,142.11
472,972,P1030,128,444.63
472,973,P1178,90,276.28
473,974,P1077,84,51.66
473,975,P1031,122,283.46
473,976,P1113,83,45.1
474,977,P1196,109,317.86
474,978,P1032,94,349.97
475,979,P1072,62,69.66
476,980,P1134,135,249.28
476,981,P1041,179,254.37
476,982,P1149,53,282.64
477,983,P1126,98,33.54
477,984,P1039,126,183.94
478,985,P1116,67,52.28
478,986,P1013,85,360.62
478,987,P1165,114,180.53
479,988,P1067,129,344.06
480,989,P1056,156,334.84
480,990,P1007,117,182.23
480,991,P1197,13,395.9
481,992,P1101,85,259.81
481,993,P1103,190,290.94
482,994,P1005,74,308.82
483,995,P1103,106,290.94
483,996,P1076,138,312.65
484,997,P1028,60,420.17
484,998,P1067,185,344.06
485,999,P1195,34,381.1
485,1000,P1156,179,89.69
486,1001,P1042,15,372.99
487,1002,P1088,150,317.63
487,1003,P1017,28,451.51
488,1004,P1177,58,106.85
489,1005,P1075,49,292.75
490,1006,P1095,58,203.91
490,1007,P1038,73,205.78
491,1008,P1152,58,320.46
491,1009,P1051,77,160.92
491,1010,P1167,32,296.43
492,1011,P1036,196,69.34
492,1012,P1078,105,489.23
493,1013,P1055,120,415.33
494,1014,P1122,61,397.28
495,1015,P1061,90,469.05
496,1016,P1069,146,436.57
497,1017,P1022,188,132.6
497,1018,P1188,65,205.8
497,1019,P1195,125,381.1
498,1020,P1171,18,106.96
498,1021,P1028,143,420.17
498,1022,P1126,52,33.54
499,1023,P1120,145,402.41
500,1024,P1126,31,33.54
500,1025,P1023,168,271.43
501,1026,P1147,182,175.87
501,1027,P1148,86,219.67
501,1028,P1157,176,162.53
502,1029,P1074,73,111.17
502,1030,P1076,183,312.65
503,1031,P1113,141,45.1
504,1032,P1054,194,154.2
505,1033,P1065,144,54.69
506,1034,P1084,113,166.13
506,1035,P1004,160,481.29
506,1036,P1176,75,337.23
507,1037,P1197,17,395.9
507,1038,P1171,173,106.96
508,1039,P1169,39,167.84
508,1040,P1159,95,389.87
508,1041,P1185,23,111.5
509,1042,P1099,158,255.82
510,1043,P1198,198,231.14
510,1044,P1127,79,357.19
511,1045,P1142,18,172.04
511,1046,P1142,148,172.04
511,1047,P1184,100,285.56
512,1048,P1142,138,172.04
513,1049,P1196,197,317.86
513,1050,P1032,126,349.97
514,1051,P1075,35,292.75
514,1052,P1127,109,357.19
515,1053,P1093,199,356.24
516,1054,P1022,41,132.6
517,1055,P1199,20,289.09
517,1056,P1043,123,209.96
518,1057,P1109,80,353.84
518,1058,P1043,25,209.96
518,1059,P1162,47,26.46
519,1060,P1119,144,429.68
519,1061,P1170,16,207.47
520,1062,P1044,30,345.07
520,1063,P1024,94,62.99
520,1064,P1018,78,389.28
521,1065,P1059,70,224.34
521,1066,P1183,92,76.5
521,1067,P1145,128,82.47
522,1068,P1141,55,142.05
522,1069,P1020,97,50.05
523,1070,P1150,88,424.36
523,1071,P1068,136,142.48
524,1072,P1030,98,444.63
524,1073,P1179,15,175.99
524,1074,P1075,123,292.75
525,1075,P1195,146,381.1
526,1076,P1125,62,240.76
527,1077,P1160,183,218.14
527,1078,P1027,24,276.32
527,1079,P1135,128,342.78
528,1080,P1041,175,254.37
528,1081,P1036,121,69.34
528,1082,P1090,157,243.92
529,1083,P1072,21,69.66
530,1084,P1106,32,408.61
530,1085,P1138,11,197.5
530,1086,P1101,85,259.81
531,1087,P1175,179,227.87
531,1088,P1034,195,162.46
532,1089,P1038,145,205.78
532,1090,P1014,68,452.45
532,1091,P1096,19,285.94
533,1092,P1109,185,353.84
533,1093,P1118,188,345.11
534,1094,P1001,62,58.77
535,1095,P1092,16,478.49
535,1096,P1003,110,137.45
535,1097,P1138,100,197.5
536,1098,P1105,97,473.95
536,1099,P1040,99,257.88
536,1100,P1057,65,373.34
537,1101,P1011,87,142.8
537,1102,P1039,122,183.94
538,1103,P1027,85,276.32
539,1104,P1036,62,69.34
540,1105,P1113,135,45.1
541,1106,P1131,58,353.58
541,1107,P1174,187,26.27
541,1108,P1060,189,110.53
542,1109,P1166,82,267.96
542,1110,P1054,84,154.2
542,1111,P1064,142,375.68
543,1112,P1154,138,437.38
543,1113,P1112,48,444.58
543,1114,P1073,112,439.74
544,1115,P1078,126,489.23
545,1116,P1136,132,150.39
545,1117,P1115,23,28.83
546,1118,P1115,20,28.83
546,1119,P1028,160,420.17
547,1120,P1069,97,436.57
547,1121,P1178,36,276.28
547,1122,P1049,159,257.17
548,1123,P1111,151,31.63
548,1124,P1120,33,402.41
549,1125,P1104,82,408.18
549,1126,P1073,174,439.74
550,1127,P1184,75,285.56
550,1128,P1029,193,298.76
550,1129,P1193,43,282.24
551,1130,P1042,35,372.99
551,1131,P1024,116,62.99
551,1132,P1159,116,389.87
552,1133,P1125,167,240.76
552,1134,P1098,25,282.91
552,1135,P1068,64,142.48
553,1136,P1047,46,285.65
554,1137,P1063,62,124.62
554,1138,P1178,45,276.28
555,1139,P1174,162,26.27
556,1140,P1102,120,172.98
557,1141,P1160,136,218.14
557,1142,P1111,110,31.63
558,1143,P1036,42,69.34
558,1144,P1146,196,421.56
559,1145,P1086,120,48.1
560,1146,P1074,25,111.17
560,1147,P1026,37,30.31
560,1148,P1144,146,150.01
561,1149,P1106,107,408.61
562,1150,P1171,175,106.96
563,1151,P1055,163,415.33
564,1152,P1171,171,106.96
564,1153,P1196,38,317.86
565,1154,P1058,79,443.58
565,1155,P1026,30,30.31
565,1156,P1007,199,182.23
566,1157,P1129,116,127.8
566,1158,P1182,47,316.7
566,1159,P1102,15,172.98
567,1160,P1164,20,429.12
568,1161,P1120,78,402.41
569,1162,P1157,149,162.53
569,1163,P1107,25,417.58
569,1164,P1102,189,172.98
570,1165,P1093,166,356.24
571,1166,P1155,34,337.37
571,1167,P1079,58,165.08
572,1168,P1174,74,26.27
572,1169,P1068,98,142.48
572,1170,P1186,131,435.74
573,1171,P1152,159,320.46
573,1172,P1152,72,320.46
574,1173,P1033,172,195.81
575,1174,P1009,173,183.9
576,1175,P1124,65,455.07
576,1176,P1014,157,452.45
577,1177,P1087,58,140.16
578,1178,P1042,117,372.99
578,1179,P1036,151,69.34
579,1180,P1015,115,346.46
579,1181,P1179,119,175.99
579,1182,P1095,142,203.91
580,1183,P1047,156,285.65
580,1184,P1062,183,498.0
581,1185,P1129,39,127.8
581,1186,P1075,81,292.75
581,1187,P1056,159,334.84
582,1188,P1085,44,139.55
582,1189,P1123,191,239.15
582,1190,P1104,59,408.18
583,1191,P1130,188,172.57
583,1192,P1145,131,82.47
583,1193,P1146,167,421.56
584,1194,P1004,91,481.29
584,1195,P1114,160,75.45
584,1196,P1194,169,348.44
585,1197,P1151,134,87.35
585,1198,P1193,23,282.24
585,1199,P1122,177,397.28
586,1200,P1087,182,140.16
586,1201,P1011,68,142.8
587,1202,P1095,28,203.91
587,1203,P1049,117,257.17
587,1204,P1123,79,239.15
588,1205,P1052,127,33.53
588,1206,P1177,42,106.85
588,1207,P1071,20,395.38
589,1208,P1061,82,469.05
590,1209,P1012,153,154.38
590,1210,P1009,83,183.9
590,1211,P1162,38,26.46
591,1212,P1190,30,379.59
591,1213,P1130,62,172.57
592,1214,P1108,132,191.84
593,1215,P1116,70,52.28
593,1216,P1093,107,356.24
593,1217,P1085,41,139.55
594,1218,P1133,35,447.19
594,1219,P1131,150,353.58
594,1220,P1006,142,241.77
595,1221,P1025,161,292.72
596,1222,P1074,66,111.17
596,1223,P1182,115,316.7
596,1224,P1041,85,254.37
597,1225,P1039,47,183.94
597,1226,P1145,183,82.47
598,1227,P1016,182,60.67
598,1228,P1052,53,33.53
598,1229,P1037,47,142.11
599,1230,P1077,90,51.66
599,1231,P1080,115,362.77
599,1232,P1015,79,346.46
600,1233,P1103,14,290.94
600,1234,P1088,145,317.63
601,1235,P1062,139,498.0
601,1236,P1000,175,136.85
602,1237,P1195,125,381.1
602,1238,P1066,56,33.19
602,1239,P1116,123,52.28
603,1240,P1110,17,206.28
604,1241,P1005,106,308.82
604,1242,P1184,165,285.56
605,1243,P1159,108,389.87
605,1244,P1104,157,408.18
606,1245,P1147,74,175.87
607,1246,P1156,133,89.69
607,1247,P1044,100,345.07
608,1248,P1141,23,142.05
608,1249,P1112,157,444.58
609,1250,P1037,47,142.11
610,1251,P1042,44,372.99
610,1252,P1063,80,124.62
610,1253,P1065,54,54.69
611,1254,P1014,135,452.45
611,1255,P1065,71,54.69
612,1256,P1163,161,478.66
612,1257,P1138,38,197.5
613,1258,P1057,45,373.34
613,1259,P1102,125,172.98
613,1260,P1085,173,139.55
614,1261,P1167,88,296.43
615,1262,P1174,30,26.27
615,1263,P1012,85,154.38
616,1264,P1020,144,50.05
616,1265,P1129,155,127.8
616,1266,P1155,83,337.37
617,1267,P1171,62,106.96
617,1268,P1037,38,142.11
618,1269,P1151,189,87.35
619,1270,P1038,84,205.78
619,1271,P1126,47,33.54
620,1272,P1125,94,240.76
620,1273,P1110,94,206.28
620,1274,P1054,162,154.2
621,1275,P1028,22,420.17
621,1276,P1035,47,181.19
621,1277,P1103,42,290.94
622,1278,P1025,154,292.72
622,1279,P1050,62,98.34
622,1280,P1139,52,278.97
623,1281,P1020,145,50.05
623,1282,P1028,99,420.17
623,1283,P1015,49,346.46
624,1284,P1126,30,33.54
624,1285,P1133,19,447.19
625,1286,P1126,166,33.54
625,1287,P1107,111,417.58
625,1288,P1150,72,424.36
626,1289,P1086,146,48.1
626,1290,P1024,178,62.99
627,1291,P1173,129,94.27
627,1292,P1035,133,181.19
628,1293,P1008,61,241.17
628,1294,P1138,162,197.5
629,1295,P1077,71,51.66
629,1296,P1072,15,69.66
629,1297,P1081,89,323.19
630,1298,P1079,139,165.08
631,1299,P1013,167,360.62
631,1300,P1138,171,197.5
631,1301,P1157,171,162.53
632,1302,P1187,169,43.99
633,1303,P1022,198,132.6
634,1304,P1132,193,295.43
634,1305,P1073,84,439.74
634,1306,P1150,157,424.36
635,1307,P1006,48,241.77
635,1308,P1054,78,154.2
635,1309,P1070,90,266.27
636,1310,P1103,92,290.94
637,1311,P1170,176,207.47
637,1312,P1149,78,282.64
638,1313,P1128,100,418.75
638,1314,P1018,197,389.28
639,1315,P1114,137,75.45
640,1316,P1185,30,111.5
640,1317,P1143,162,261.16
641,1318,P1032,64,349.97
641,1319,P1065,161,54.69
641,1320,P1081,110,323.19
642,1321,P1020,65,50.05
642,1322,P1194,115,348.44
643,1323,P1143,22,261.16
644,1324,P1130,182,172.57
645,1325,P1180,172,77.6
645,1326,P1162,161,26.46
646,1327,P1055,185,415.33
646,1328,P1135,140,342.78
646,1329,P1154,23,437.38
647,1330,P1014,120,452.45
648,1331,P1015,157,346.46
648,1332,P1074,56,111.17
649,1333,P1112,116,444.58
649,1334,P1101,158,259.81
649,1335,P1100,77,144.66
650,1336,P1085,46,139.55
650,1337,P1028,118,420.17
650,1338,P1002,171,227.87
651,1339,P1161,39,43.36
651,1340,P1016,45,60.67
651,1341,P1107,47,417.58
652,1342,P1029,30,298.76
652,1343,P1109,182,353.84
652,1344,P1132,123,295.43
653,1345,P1099,112,255.82
654,1346,P1006,140,241.77
655,1347,P1094,76,113.95
656,1348,P1153,164,188.52
656,1349,P1163,71,478.66
656,1350,P1023,154,271.43
657,1351,P1084,133,166.13
658,1352,P1153,148,188.52
658,1353,P1196,195,317.86
658,1354,P1175,57,227.87
659,1355,P1063,126,124.62
659,1356,P1076,49,312.65
659,1357,P1109,28,353.84
660,1358,P1184,51,285.56
661,1359,P1066,99,33.19
661,1360,P1008,92,241.17
662,1361,P1167,80,296.43
662,1362,P1110,161,206.28
663,1363,P1161,65,43.36
664,1364,P1086,181,48.1
664,1365,P1155,101,337.37
665,1366,P1105,109,473.95
665,1367,P1007,102,182.23
666,1368,P1020,156,50.05
666,1369,P1092,40,478.49
667,1370,P1088,18,317.63
668,1371,P1144,93,150.01
669,1372,P1059,101,224.34
669,1373,P1114,94,75.45
670,1374,P1015,146,346.46
671,1375,P1037,10,142.11
671,1376,P1113,82,45.1
671,1377,P1020,99,50.05
672,1378,P1028,61,420.17
673,1379,P1100,62,144.66
673,1380,P1094,141,113.95
674,1381,P1087,89,140.16
674,1382,P1000,145,136.85
675,1383,P1141,180,142.05
676,1384,P1006,176,241.77
677,1385,P1034,184,162.46
677,1386,P1034,138,162.46
677,1387,P1047,78,285.65
678,1388,P1180,90,77.6
678,1389,P1117,128,48.33
679,1390,P1068,197,142.48
679,1391,P1012,147,154.38
680,1392,P1168,117,267.34
681,1393,P1179,112,175.99
682,1394,P1031,141,283.46
682,1395,P1086,42,48.1
683,1396,P1099,142,255.82
684,1397,P1113,158,45.1
685,1398,P1058,145,443.58
685,1399,P1122,155,397.28
686,1400,P1061,57,469.05
686,1401,P1196,145,317.86
686,1402,P1101,108,259.81
687,1403,P1153,153,188.52
687,1404,P1153,124,188.52
687,1405,P1120,167,402.41
688,1406,P1028,47,420.17
688,1407,P1173,58,94.27
688,1408,P1010,54,431.29
689,1409,P1157,141,162.53
689,1410,P1060,111,110.53
690,1411,P1021,71,364.39
691,1412,P1072,35,69.66
692,1413,P1086,170,48.1
692,1414,P1179,90,175.99
692,1415,P1084,143,166.13
693,1416,P1103,127,290.94
693,1417,P1107,185,417.58
694,1418,P1049,63,257.17
694,1419,P1133,104,447.19
694,1420,P1112,153,444.58
695,1421,P1112,71,444.58
695,1422,P1019,168,135.07
696,1423,P1054,84,154.2
697,1424,P1003,17,137.45
697,1425,P1158,63,37.36
698,1426,P1061,33,469.05
698,1427,P1133,48,447.19
698,1428,P1064,74,375.68
699,1429,P1019,51,135.07
699,1430,P1177,168,106.85
700,1431,P1139,95,278.97
701,1432,P1111,69,31.63
702,1433,P1120,90,402.41
703,1434,P1001,31,58.77
703,1435,P1010,26,431.29
704,1436,P1198,139,231.14
705,1437,P1183,166,76.5
705,1438,P1105,112,473.95
706,1439,P1003,130,137.45
706,1440,P1021,179,364.39
706,1441,P1051,52,160.92
707,1442,P1055,22,415.33
708,1443,P1005,46,308.82
708,1444,P1176,142,337.23
708,1445,P1186,48,435.74
709,1446,P1008,20,241.17
709,1447,P1006,156,241.77
710,1448,P1151,31,87.35
711,1449,P1191,121,89.49
711,1450,P1081,139,323.19
711,1451,P1175,117,227.87
712,1452,P1085,135,139.55
713,1453,P1024,151,62.99
713,1454,P1069,48,436.57
714,1455,P1056,186,334.84
714,1456,P1116,51,52.28
715,1457,P1155,85,337.37
715,1458,P1020,166,50.05
716,1459,P1163,123,478.66
716,1460,P1022,113,132.6
716,1461,P1046,21,238.77
717,1462,P1068,57,142.48
717,1463,P1101,138,259.81
718,1464,P1129,62,127.8
718,1465,P1103,152,290.94
718,1466,P1072,167,69.66
719,1467,P1002,65,227.87
719,1468,P1120,115,402.41
720,1469,P1136,143,150.39
721,1470,P1188,158,205.8
721,1471,P1089,175,116.42
721,1472,P1036,138,69.34
722,1473,P1091,187,403.86
722,1474,P1162,146,26.46
722,1475,P1091,113,403.86
723,1476,P1101,51,259.81
723,1477,P1017,108,451.51
724,1478,P1053,113,348.12
724,1479,P1076,180,312.65
725,1480,P1134,49,249.28
725,1481,P1007,125,182.23
725,1482,P1171,15,106.96
726,1483,P1114,44,75.45
727,1484,P1141,118,142.05
727,1485,P1005,104,308.82
727,1486,P1072,56,69.66
728,1487,P1114,82,75.45
729,1488,P1023,149,271.43
729,1489,P1187,90,43.99
729,1490,P1145,73,82.47
730,1491,P1050,151,98.34
731,1492,P1044,73,345.07
731,1493,P1056,150,334.84
731,1494,P1029,193,298.76
732,1495,P1166,107,267.96
733,1496,P1037,36,142.11
733,1497,P1093,123,356.24
734,1498,P1098,94,282.91
735,1499,P1110,145,206.28
735,1500,P1166,157,267.96
736,1501,P1088,192,317.63
737,1502,P1116,179,52.28
737,1503,P1004,47,481.29
738,1504,P1181,65,81.24
738,1505,P1044,52,345.07
738,1506,P1121,96,320.62
739,1507,P1117,139,48.33
740,1508,P1134,60,249.28
740,1509,P1109,60,353.84
741,1510,P1121,84,320.62
742,1511,P1196,147,317.86
742,1512,P1176,88,337.23
743,1513,P1043,24,209.96
743,1514,P1116,133,52.28
743,1515,P1034,165,162.46
744,1516,P1006,125,241.77
744,1517,P1177,170,106.85
744,1518,P1152,57,320.46
745,1519,P1031,39,283.46
745,1520,P1032,179,349.97
746,1521,P1108,86,191.84
746,1522,P1029,167,298.76
747,1523,P1021,32,364.39
747,1524,P1024,74,62.99
747,1525,P1044,90,345.07
748,1526,P1140,42,315.91
748,1527,P1157,57,162.53
748,1528,P1197,108,395.9
749,1529,P1051,105,160.92
749,1530,P1099,115,255.82
750,1531,P1155,137,337.37
750,1532,P1160,25,218.14
750,1533,P1066,117,33.19
751,1534,P1039,76,183.94
751,1535,P1080,127,362.77
752,1536,P1116,33,52.28
752,1537,P1122,89,397.28
753,1538,P1103,178,290.94
753,1539,P1074,113,111.17
753,1540,P1069,165,436.57
754,1541,P1170,172,207.47
754,1542,P1041,166,254.37
754,1543,P1072,53,69.66
755,1544,P1093,195,356.24
755,1545,P1097,23,438.28
755,1546,P1008,59,241.17
756,1547,P1019,16,135.07
757,1548,P1057,192,373.34
758,1549,P1023,92,271.43
758,1550,P1000,68,136.85
759,1551,P1073,108,439.74
760,1552,P1062,132,498.0
761,1553,P1186,116,435.74
762,1554,P1095,81,203.91
763,1555,P1136,145,150.39
763,1556,P1141,117,142.05
764,1557,P1073,149,439.74
764,1558,P1002,137,227.87
765,1559,P1170,19,207.47
766,1560,P1030,66,444.63
767,1561,P1028,124,420.17
767,1562,P1076,58,312.65
768,1563,P1006,114,241.77
769,1564,P1072,199,69.66
770,1565,P1031,174,283.46
771,1566,P1068,116,142.48
771,1567,P1103,62,290.94
772,1568,P1077,124,51.66
772,1569,P1028,112,420.17
773,1570,P1195,117,381.1
773,1571,P1042,84,372.99
773,1572,P1010,184,431.29
774,1573,P1057,129,373.34
775,1574,P1178,163,276.28
775,1575,P1193,35,282.24
775,1576,P1038,180,205.78
776,1577,P1079,66,165.08
777,1578,P1169,82,167.84
778,1579,P1052,68,33.53
778,1580,P1162,186,26.46
778,1581,P1184,27,285.56
779,1582,P1077,180,51.66
779,1583,P1018,115,389.28
779,1584,P1173,137,94.27
780,1585,P1068,169,142.48
780,1586,P1019,138,135.07
781,1587,P1126,193,33.54
781,1588,P1141,46,142.05
782,1589,P1109,36,353.84
782,1590,P1172,193,35.94
783,1591,P1055,18,415.33
784,1592,P1003,128,137.45
785,1593,P1181,92,81.24
785,1594,P1136,33,150.39
785,1595,P1109,146,353.84
786,1596,P1156,88,89.69
786,1597,P1132,171,295.43
786,1598,P1163,50,478.66
787,1599,P1036,18,69.34
787,1600,P1008,23,241.17
788,1601,P1179,122,175.99
788,1602,P1199,111,289.09
788,1603,P1179,60,175.99
789,1604,P1160,187,218.14
789,1605,P1034,152,162.46
790,1606,P1157,39,162.53
791,1607,P1173,176,94.27
791,1608,P1174,186,26.27
791,1609,P1102,147,172.98
792,1610,P1171,34,106.96
792,1611,P1150,192,424.36
793,1612,P1118,107,345.11
794,1613,P1093,154,356.24
794,1614,P1132,181,295.43
795,1615,P1128,46,418.75
795,1616,P1197,184,395.9
795,1617,P1142,181,172.04
796,1618,P1183,152,76.5
797,1619,P1127,36,357.19
797,1620,P1011,189,142.8
798,1621,P1136,33,150.39
798,1622,P1169,174,167.84
798,1623,P1194,153,348.44
799,1624,P1183,85,76.5
800,1625,P1070,96,266.27
800,1626,P1102,36,172.98
801,1627,P1019,58,135.07
801,1628,P1198,116,231.14
802,1629,P1072,192,69.66
803,1630,P1155,32,337.37
803,1631,P1151,188,87.35
804,1632,P1045,80,447.5
804,1633,P1196,67,317.86
805,1634,P1155,104,337.37
805,1635,P1012,76,154.38
805,1636,P1006,13,241.77
806,1637,P1088,184,317.63
806,1638,P1058,116,443.58
806,1639,P1190,46,379.59
807,1640,P1050,198,98.34
808,1641,P1084,65,166.13
808,1642,P1151,135,87.35
808,1643,P1084,27,166.13
809,1644,P1031,193,283.46
809,1645,P1146,75,421.56
809,1646,P1025,20,292.72
810,1647,P1055,86,415.33
810,1648,P1176,144,337.23
811,1649,P1155,38,337.37
811,1650,P1197,149,395.9
812,1651,P1100,166,144.66
812,1652,P1169,161,167.84
812,1653,P1093,85,356.24
813,1654,P1024,128,62.99
813,1655,P1170,137,207.47
813,1656,P1073,130,439.74
814,1657,P1077,115,51.66
814,1658,P1180,24,77.6
815,1659,P1089,86,116.42
816,1660,P1143,37,261.16
816,1661,P1069,141,436.57
817,1662,P1006,83,241.77
817,1663,P1161,146,43.36
818,1664,P1108,130,191.84
818,1665,P1119,82,429.68
818,1666,P1005,28,308.82
819,1667,P1059,189,224.34
820,1668,P1003,115,137.45
820,1669,P1031,18,283.46
820,1670,P1140,182,315.91
821,1671,P1142,123,172.04
822,1672,P1165,146,180.53
823,1673,P1098,25,282.91
823,1674,P1157,126,162.53
823,1675,P1013,50,360.62
824,1676,P1194,56,348.44
824,1677,P1006,107,241.77
824,1678,P1154,155,437.38
825,1679,P1134,132,249.28
825,1680,P1132,111,295.43
826,1681,P1042,52,372.99
826,1682,P1025,37,292.72
827,1683,P1103,56,290.94
828,1684,P1124,151,455.07
828,1685,P1150,63,424.36
828,1686,P1170,36,207.47
829,1687,P1133,132,447.19
829,1688,P1008,168,241.17
829,1689,P1156,181,89.69
830,1690,P1057,191,373.34
830,1691,P1111,40,31.63
831,1692,P1014,13,452.45
831,1693,P1145,100,82.47
831,1694,P1136,70,150.39
832,1695,P1141,131,142.05
833,1696,P1192,136,114.43
834,1697,P1059,192,224.34
834,1698,P1173,145,94.27
834,1699,P1076,76,312.65
835,1700,P1073,62,439.74
835,1701,P1108,12,191.84
835,1702,P1151,177,87.35
836,1703,P1085,17,139.55
836,1704,P1101,114,259.81
837,1705,P1103,117,290.94
837,1706,P1181,24,81.24
837,1707,P1164,102,429.12
838,1708,P1103,91,290.94
838,1709,P1157,98,162.53
838,1710,P1053,54,348.12
839,1711,P1145,176,82.47
840,1712,P1047,91,285.65
840,1713,P1059,23,224.34
841,1714,P1098,90,282.91
841,1715,P1154,45,437.38
841,1716,P1185,142,111.5
842,1717,P1140,29,315.91
842,1718,P1165,112,180.53
843,1719,P1178,36,276.28
843,1720,P1196,173,317.86
844,1721,P1022,71,132.6
845,1722,P1088,195,317.63
845,1723,P1005,40,308.82
846,1724,P1175,60,227.87
846,1725,P1012,161,154.38
847,1726,P1087,30,140.16
847,1727,P1015,162,346.46
847,1728,P1056,34,334.84
848,1729,P1061,165,469.05
848,1730,P1112,168,444.58
849,1731,P1176,160,337.23
850,1732,P1126,60,33.54
850,1733,P1039,114,183.94
850,1734,P1144,173,150.01
851,1735,P1158,171,37.36
851,1736,P1191,89,89.49
852,1737,P1148,58,219.67
853,1738,P1120,46,402.41
853,1739,P1119,185,429.68
853,1740,P1011,107,142.8
854,1741,P1059,62,224.34
854,1742,P1091,173,403.86
855,1743,P1073,50,439.74
855,1744,P1062,121,498.0
856,1745,P1054,140,154.2
857,1746,P1191,77,89.49
858,1747,P1032,21,349.97
859,1748,P1035,109,181.19
859,1749,P1139,124,278.97
860,1750,P1097,131,438.28
860,1751,P1160,170,218.14
861,1752,P1032,41,349.97
862,1753,P1069,130,436.57
862,1754,P1127,97,357.19
863,1755,P1096,156,285.94
864,1756,P1061,27,469.05
865,1757,P1060,187,110.53
865,1758,P1141,132,142.05
865,1759,P1189,180,385.52
866,1760,P1005,104,308.82
866,1761,P1119,82,429.68
866,1762,P1090,151,243.92
867,1763,P1051,181,160.92
867,1764,P1040,100,257.88
867,1765,P1024,101,62.99
868,1766,P1041,116,254.37
868,1767,P1116,156,52.28
868,1768,P1076,27,312.65
869,1769,P1027,16,276.32
869,1770,P1151,140,87.35
870,1771,P1040,131,257.88
870,1772,P1084,167,166.13
871,1773,P1173,45,94.27
872,1774,P1027,42,276.32
872,1775,P1188,94,205.8
873,1776,P1119,165,429.68
873,1777,P1141,138,142.05
874,1778,P1086,55,48.1
875,1779,P1105,103,473.95
875,1780,P1108,23,191.84
875,1781,P1112,84,444.58
876,1782,P1130,170,172.57
876,1783,P1112,47,444.58
877,1784,P1134,168,249.28
877,1785,P1069,64,436.57
877,1786,P1098,111,282.91
878,1787,P1033,158,195.81
878,1788,P1190,190,379.59
879,1789,P1015,181,346.46
879,1790,P1026,79,30.31
880,1791,P1159,97,389.87
880,1792,P1061,73,469.05
880,1793,P1081,102,323.19
881,1794,P1127,56,357.19
881,1795,P1059,49,224.34
882,1796,P1011,97,142.8
882,1797,P1155,186,337.37
882,1798,P1181,44,81.24
883,1799,P1178,191,276.28
883,1800,P1098,40,282.91
884,1801,P1000,63,136.85
884,1802,P1133,77,447.19
884,1803,P1013,22,360.62
885,1804,P1196,88,317.86
885,1805,P1072,13,69.66
885,1806,P1134,129,249.28
886,1807,P1044,65,345.07
886,1808,P1158,158,37.36
887,1809,P1101,96,259.81
888,1810,P1057,106,373.34
889,1811,P1126,194,33.54
890,1812,P1061,52,469.05
890,1813,P1018,27,389.28
890,1814,P1197,84,395.9
891,1815,P1054,83,154.2
891,1816,P1091,54,403.86
892,1817,P1168,121,267.34
892,1818,P1029,68,298.76
892,1819,P1001,62,58.77
893,1820,P1028,70,420.17
893,1821,P1008,104,241.17
893,1822,P1159,131,389.87
894,1823,P1053,96,348.12
894,1824,P1122,46,397.28
895,1825,P1024,184,62.99
895,1826,P1030,34,444.63
896,1827,P1119,164,429.68
896,1828,P1159,15,389.87
897,1829,P1069,63,436.57
897,1830,P1153,80,188.52
897,1831,P1086,118,48.1
898,1832,P1091,176,403.86
899,1833,P1095,58,203.91
899,1834,P1182,75,316.7
900,1835,P1116,58,52.28
901,1836,P1026,104,30.31
901,1837,P1043,166,209.96
901,1838,P1033,111,195.81
902,1839,P1162,50,26.46
902,1840,P1060,196,110.53
903,1841,P1139,149,278.97
903,1842,P1186,119,435.74
903,1843,P1099,57,255.82
904,1844,P1066,40,33.19
904,1845,P1105,36,473.95
904,1846,P1043,117,209.96
905,1847,P1157,82,162.53
906,1848,P1041,153,254.37
907,1849,P1060,76,110.53
907,1850,P1073,155,439.74
908,1851,P1058,188,443.58
908,1852,P1005,138,308.82
909,1853,P1199,103,289.09
909,1854,P1111,100,31.63
910,1855,P1095,147,203.91
911,1856,P1098,83,282.91
911,1857,P1091,10,403.86
912,1858,P1108,168,191.84
913,1859,P1167,76,296.43
913,1860,P1022,22,132.6
913,1861,P1077,157,51.66
914,1862,P1028,147,420.17
914,1863,P1006,110,241.77
914,1864,P1039,177,183.94
915,1865,P1115,117,28.83
916,1866,P1061,193,469.05
916,1867,P1161,86,43.36
916,1868,P1035,126,181.19
917,1869,P1051,137,160.92
917,1870,P1085,158,139.55
917,1871,P1026,95,30.31
918,1872,P1019,110,135.07
918,1873,P1055,24,415.33
918,1874,P1187,138,43.99
919,1875,P1178,178,276.28
920,1876,P1066,180,33.19
920,1877,P1161,101,43.36
921,1878,P1053,36,348.12
922,1879,P1009,148,183.9
923,1880,P1122,85,397.28
923,1881,P1014,19,452.45
923,1882,P1017,159,451.51
924,1883,P1186,32,435.74
925,1884,P1058,184,443.58
926,1885,P1159,133,389.87
927,1886,P1050,48,98.34
927,1887,P1010,45,431.29
927,1888,P1186,130,435.74
928,1889,P1139,22,278.97
928,1890,P1195,181,381.1
928,1891,P1166,143,267.96
929,1892,P1123,81,239.15
929,1893,P1143,70,261.16
929,1894,P1058,102,443.58
930,1895,P1055,144,415.33
931,1896,P1164,10,429.12
931,1897,P1053,69,348.12
932,1898,P1053,112,348.12
932,1899,P1171,101,106.96
932,1900,P1110,81,206.28
933,1901,P1066,115,33.19
933,1902,P1198,49,231.14
934,1903,P1032,53,349.97
935,1904,P1124,85,455.07
935,1905,P1195,15,381.1
935,1906,P1086,97,48.1
936,1907,P1107,112,417.58
936,1908,P1173,78,94.27
936,1909,P1181,127,81.24
937,1910,P1199,157,289.09
937,1911,P1064,122,375.68
938,1912,P1086,154,48.1
938,1913,P1050,67,98.34
938,1914,P1093,44,356.24
939,1915,P1095,185,203.91
939,1916,P1034,33,162.46
939,1917,P1009,182,183.9
940,1918,P1113,169,45.1
940,1919,P1071,100,395.38
940,1920,P1165,96,180.53
941,1921,P1155,121,337.37
941,1922,P1069,68,436.57
942,1923,P1116,163,52.28
942,1924,P1121,47,320.62
943,1925,P1034,104,162.46
943,1926,P1050,38,98.34
944,1927,P1080,128,362.77
945,1928,P1045,183,447.5
946,1929,P1110,34,206.28
946,1930,P1197,84,395.9
947,1931,P1155,194,337.37
947,1932,P1156,76,89.69
948,1933,P1147,86,175.87
948,1934,P1083,106,433.93
949,1935,P1086,54,48.1
949,1936,P1153,108,188.52
949,1937,P1063,10,124.62
950,1938,P1040,31,257.88
950,1939,P1065,40,54.69
950,1940,P1012,56,154.38
951,1941,P1163,98,478.66
952,1942,P1025,175,292.72
952,1943,P1058,179,443.58
953,1944,P1155,18,337.37
953,1945,P1087,83,140.16
954,1946,P1172,161,35.94
954,1947,P1033,60,195.81
954,1948,P1041,152,254.37
955,1949,P1057,24,373.34
956,1950,P1109,69,353.84
956,1951,P1059,121,224.34
956,1952,P1100,34,144.66
957,1953,P1070,29,266.27
957,1954,P1030,35,444.63
957,1955,P1192,95,114.43
958,1956,P1139,153,278.97
958,1957,P1034,130,162.46
959,1958,P1015,14,346.46
960,1959,P1058,59,443.58
960,1960,P1045,175,447.5
961,1961,P1049,165,257.17
961,1962,P1012,13,154.38
961,1963,P1061,27,469.05
962,1964,P1064,152,375.68
962,1965,P1101,101,259.81
963,1966,P1190,17,379.59
963,1967,P1127,143,357.19
964,1968,P1031,152,283.46
964,1969,P1133,32,447.19
965,1970,P1058,138,443.58
965,1971,P1174,60,26.27
966,1972,P1111,103,31.63
966,1973,P1197,181,395.9
967,1974,P1092,119,478.49
968,1975,P1053,187,348.12
968,1976,P1008,61,241.17
968,1977,P1193,73,282.24
969,1978,P1061,142,469.05
969,1979,P1067,124,344.06
970,1980,P1037,66,142.11
970,1981,P1147,83,175.87
971,1982,P1084,56,166.13
972,1983,P1199,44,289.09
973,1984,P1149,174,282.64
974,1985,P1056,177,334.84
974,1986,P1089,77,116.42
975,1987,P1137,50,466.13
975,1988,P1006,117,241.77
975,1989,P1173,30,94.27
976,1990,P1100,162,144.66
976,1991,P1160,38,218.14
977,1992,P1058,80,443.58
977,1993,P1155,163,337.37
978,1994,P1189,146,385.52
978,1995,P1103,78,290.94
979,1996,P1083,106,433.93
979,1997,P1193,11,282.24
980,1998,P1097,145,438.28
981,1999,P1151,174,87.35
981,2000,P1183,156,76.5
981,2001,P1062,107,498.0
982,2002,P1089,32,116.42
983,2003,P1010,57,431.29
983,2004,P1139,81,278.97
984,2005,P1027,64,276.32
984,2006,P1124,56,455.07
985,2007,P1106,127,408.61
986,2008,P1103,38,290.94
986,2009,P1064,198,375.68
987,2010,P1130,93,172.57
987,2011,P1051,74,160.92
988,2012,P1046,87,238.77
988,2013,P1187,91,43.99
989,2014,P1015,63,346.46
989,2015,P1150,45,424.36
989,2016,P1139,45,278.97
990,2017,P1038,118,205.78
990,2018,P1096,152,285.94
991,2019,P1040,30,257.88
992,2020,P1114,183,75.45
992,2021,P1030,193,444.63
993,2022,P1061,151,469.05
993,2023,P1049,10,257.17
993,2024,P1021,24,364.39
994,2025,P1190,98,379.59
994,2026,P1105,121,473.95
995,2027,P1162,117,26.46
995,2028,P1036,68,69.34
996,2029,P1096,23,285.94
997,2030,P1138,67,197.5
997,2031,P1170,145,207.47
998,2032,P1183,140,76.5
998,2033,P1165,188,180.53
998,2034,P1107,170,417.58
999,2035,P1019,190,135.07
999,2036,P1145,55,82.47
1000,2037,P1168,35,267.34
1000,2038,P1118,108,345.11
1000,2039,P1160,80,218.14
1001,2040,P1089,117,116.42
1002,2041,P1096,190,285.94
1003,2042,P1073,36,439.74
1003,2043,P1154,50,437.38
1003,2044,P1199,106,289.09
1004,2045,P1107,97,417.58
1004,2046,P1014,178,452.45
1005,2047,P1037,19,142.11
1005,2048,P1001,195,58.77
1006,2049,P1190,99,379.59
1006,2050,P1041,70,254.37
1006,2051,P1069,154,436.57
1007,2052,P1050,179,98.34
1007,2053,P1165,108,180.53
1008,2054,P1074,84,111.17
1009,2055,P1002,65,227.87
1009,2056,P1126,58,33.54
1009,2057,P1032,31,349.97
1010,2058,P1172,90,35.94
1010,2059,P1191,43,89.49
1010,2060,P1097,151,438.28
1011,2061,P1119,178,429.68
1011,2062,P1132,169,295.43
1011,2063,P1014,159,452.45
1012,2064,P1124,10,455.07
1012,2065,P1058,121,443.58
1013,2066,P1067,181,344.06
1013,2067,P1066,38,33.19
1014,2068,P1060,87,110.53
1014,2069,P1040,166,257.88
1015,2070,P1073,80,439.74
1015,2071,P1132,196,295.43
1016,2072,P1164,98,429.12
1016,2073,P1065,19,54.69
1016,2074,P1028,49,420.17
1017,2075,P1047,174,285.65
1017,2076,P1050,120,98.34
1018,2077,P1174,41,26.27
1019,2078,P1112,164,444.58
1019,2079,P1173,199,94.27
1019,2080,P1025,167,292.72
1020,2081,P1193,73,282.24
1020,2082,P1056,121,334.84
1021,2083,P1148,25,219.67
1021,2084,P1145,143,82.47
1022,2085,P1159,138,389.87
1022,2086,P1115,64,28.83
1023,2087,P1134,14,249.28
1023,2088,P1140,126,315.91
1023,2089,P1127,162,357.19
1024,2090,P1185,112,111.5
1025,2091,P1002,61,227.87
1025,2092,P1173,76,94.27
1025,2093,P1156,176,89.69
1026,2094,P1183,95,76.5
1026,2095,P1031,52,283.46
1027,2096,P1003,19,137.45
1028,2097,P1115,144,28.83
1028,2098,P1193,164,282.24
1028,2099,P1061,172,469.05
1029,2100,P1136,116,150.39
1029,2101,P1125,160,240.76
1029,2102,P1188,20,205.8
1030,2103,P1157,67,162.53
1030,2104,P1085,46,139.55
1030,2105,P1011,73,142.8
1031,2106,P1025,163,292.72
1032,2107,P1009,92,183.9
1033,2108,P1180,171,77.6
1033,2109,P1005,78,308.82
1033,2110,P1061,187,469.05
1034,2111,P1115,157,28.83
1034,2112,P1061,35,469.05
1035,2113,P1116,188,52.28
1036,2114,P1127,99,357.19
1037,2115,P1037,126,142.11
1037,2116,P1147,191,175.87
1038,2117,P1137,31,466.13
1038,2118,P1150,76,424.36
1039,2119,P1172,28,35.94
1039,2120,P1194,122,348.44
1039,2121,P1132,186,295.43
1040,2122,P1107,137,417.58
1040,2123,P1069,17,436.57
1040,2124,P1037,75,142.11
1041,2125,P1111,119,31.63
1041,2126,P1196,163,317.86
1041,2127,P1035,155,181.19
1042,2128,P1098,186,282.91
1042,2129,P1079,140,165.08
1042,2130,P1095,128,203.91
1043,2131,P1139,43,278.97
1043,2132,P1187,174,43.99
1044,2133,P1142,139,172.04
1044,2134,P1120,49,402.41
1045,2135,P1160,144,218.14
1046,2136,P1192,64,114.43
1046,2137,P1079,25,165.08
1047,2138,P1134,140,249.28
1047,2139,P1194,116,348.44
1047,2140,P1175,135,227.87
1048,2141,P1025,31,292.72
1048,2142,P1082,172,35.88
1049,2143,P1088,47,317.63
1049,2144,P1192,74,114.43
1049,2145,P1080,109,362.77
1050,2146,P1093,107,356.24
1051,2147,P1040,27,257.88
1051,2148,P1189,141,385.52
1052,2149,P1123,110,239.15
1052,2150,P1088,194,317.63
1052,2151,P1168,19,267.34
1053,2152,P1010,92,431.29
1053,2153,P1146,63,421.56
1054,2154,P1008,51,241.17
1054,2155,P1002,57,227.87
1055,2156,P1063,68,124.62
1056,2157,P1198,12,231.14
1057,2158,P1158,23,37.36
1057,2159,P1060,128,110.53
1058,2160,P1175,86,227.87
1058,2161,P1076,130,312.65
1059,2162,P1129,44,127.8
1059,2163,P1046,97,238.77
1060,2164,P1127,149,357.19
1061,2165,P1162,161,26.46
1062,2166,P1083,164,433.93
1062,2167,P1011,165,142.8
1063,2168,P1185,125,111.5
1063,2169,P1016,196,60.67
1064,2170,P1083,48,433.93
1064,2171,P1052,161,33.53
1065,2172,P1047,96,285.65
1065,2173,P1025,43,292.72
1065,2174,P1035,155,181.19
1066,2175,P1062,144,498.0
1067,2176,P1163,161,478.66
1067,2177,P1190,165,379.59
1067,2178,P1046,150,238.77
1068,2179,P1079,61,165.08
1068,2180,P1023,145,271.43
1068,2181,P1194,106,348.44
1069,2182,P1199,111,289.09
1069,2183,P1099,142,255.82
1070,2184,P1011,41,142.8
1071,2185,P1174,53,26.27
1071,2186,P1146,95,421.56
1072,2187,P1017,67,451.51
1072,2188,P1020,44,50.05
1072,2189,P1109,168,353.84
1073,2190,P1091,104,403.86
1074,2191,P1188,125,205.8
1074,2192,P1082,156,35.88
1074,2193,P1042,168,372.99
1075,2194,P1175,155,227.87
1076,2195,P1173,164,94.27
1076,2196,P1118,159,345.11
1076,2197,P1132,140,295.43
1077,2198,P1175,141,227.87
1078,2199,P1091,102,403.86
1078,2200,P1112,122,444.58
1078,2201,P1141,72,142.05
1079,2202,P1111,146,31.63
1079,2203,P1103,170,290.94
1080,2204,P1140,72,315.91
1080,2205,P1073,70,439.74
1081,2206,P1069,151,436.57
1081,2207,P1128,138,418.75
1082,2208,P1076,77,312.65
1082,2209,P1154,23,437.38
1082,2210,P1141,29,142.05
1083,2211,P1104,157,408.18
1083,2212,P1117,70,48.33
1083,2213,P1142,74,172.04
1084,2214,P1193,133,282.24
1084,2215,P1071,39,395.38
1085,2216,P1147,139,175.87
1086,2217,P1178,176,276.28
1086,2218,P1100,14,144.66
1087,2219,P1063,184,124.62
1088,2220,P1085,129,139.55
1088,2221,P1184,151,285.56
1089,2222,P1118,57,345.11
1089,2223,P1012,56,154.38
1090,2224,P1085,19,139.55
1091,2225,P1048,85,345.05
1092,2226,P1143,11,261.16
1093,2227,P1065,78,54.69
1093,2228,P1085,178,139.55
1093,2229,P1020,76,50.05
1094,2230,P1002,69,227.87
1094,2231,P1090,80,243.92
1094,2232,P1060,156,110.53
1095,2233,P1046,122,238.77
1096,2234,P1171,183,106.96
1097,2235,P1061,98,469.05
1097,2236,P1158,190,37.36
1097,2237,P1194,37,348.44
1098,2238,P1022,185,132.6
1098,2239,P1097,39,438.28
1098,2240,P1131,186,353.58
1099,2241,P1111,116,31.63
1099,2242,P1118,184,345.11
1099,2243,P1078,50,489.23
1100,2244,P1094,103,113.95
1100,2245,P1163,36,478.66
1100,2246,P1165,82,180.53
1101,2247,P1101,152,259.81
1101,2248,P1135,73,342.78
1101,2249,P1093,91,356.24
1102,2250,P1061,194,469.05
1102,2251,P1061,96,469.05
1102,2252,P1134,57,249.28
1103,2253,P1090,37,243.92
1103,2254,P1090,98,243.92
1103,2255,P1066,196,33.19
1104,2256,P1055,165,415.33
1105,2257,P1020,10,50.05
1105,2258,P1000,91,136.85
1105,2259,P1164,108,429.12
1106,2260,P1097,99,438.28
1106,2261,P1021,119,364.39
1107,2262,P1109,45,353.84
1107,2263,P1066,113,33.19
1108,2264,P1011,120,142.8
1108,2265,P1126,180,33.54
1109,2266,P1060,22,110.53
1109,2267,P1040,88,257.88
1109,2268,P1002,38,227.87
1110,2269,P1052,128,33.53
1111,2270,P1029,169,298.76
1111,2271,P1127,20,357.19
1111,2272,P1155,78,337.37
1112,2273,P1114,84,75.45
1112,2274,P1060,110,110.53
1112,2275,P1096,169,285.94
1113,2276,P1183,161,76.5
1113,2277,P1077,12,51.66
1114,2278,P1070,137,266.27
1114,2279,P1173,66,94.27
1114,2280,P1160,149,218.14
1115,2281,P1107,25,417.58
1116,2282,P1040,144,257.88
1117,2283,P1042,30,372.99
1117,2284,P1141,112,142.05
1117,2285,P1127,28,357.19
1118,2286,P1164,174,429.12
1118,2287,P1015,36,346.46
1119,2288,P1128,73,418.75
1120,2289,P1109,145,353.84
1120,2290,P1136,70,150.39
1121,2291,P1060,151,110.53
1121,2292,P1117,14,48.33
1122,2293,P1066,186,33.19
1123,2294,P1046,58,238.77
1124,2295,P1096,144,285.94
1124,2296,P1116,51,52.28
1125,2297,P1052,20,33.53
1126,2298,P1038,100,205.78
1126,2299,P1197,40,395.9
1126,2300,P1019,103,135.07
1127,2301,P1187,117,43.99
1128,2302,P1128,12,418.75
1128,2303,P1136,116,150.39
1128,2304,P1172,198,35.94
1129,2305,P1069,69,436.57
1129,2306,P1183,55,76.5
1130,2307,P1013,109,360.62
1130,2308,P1127,170,357.19
1131,2309,P1161,51,43.36
1131,2310,P1098,161,282.91
1131,2311,P1089,63,116.42
1132,2312,P1168,150,267.34
1132,2313,P1162,112,26.46
1132,2314,P1107,170,417.58
1133,2315,P1195,143,381.1
1133,2316,P1039,136,183.94
1133,2317,P1031,170,283.46
1134,2318,P1014,133,452.45
1134,2319,P1182,55,316.7
1134,2320,P1079,55,165.08
1135,2321,P1092,116,478.49
1136,2322,P1049,106,257.17
1136,2323,P1010,23,431.29
1137,2324,P1055,86,415.33
1137,2325,P1055,91,415.33
1138,2326,P1117,125,48.33
1138,2327,P1147,44,175.87
1139,2328,P1079,106,165.08
1140,2329,P1019,188,135.07
1140,2330,P1171,169,106.96
1141,2331,P1077,116,51.66
1141,2332,P1033,131,195.81
1142,2333,P1020,77,50.05
1142,2334,P1080,79,362.77
1143,2335,P1146,102,421.56
1144,2336,P1140,48,315.91
1145,2337,P1097,11,438.28
1146,2338,P1077,101,51.66
1146,2339,P1108,182,191.84
1146,2340,P1109,187,353.84
1147,2341,P1048,161,345.05
1148,2342,P1025,149,292.72
1149,2343,P1127,19,357.19
1149,2344,P1190,102,379.59
1150,2345,P1076,134,312.65
1151,2346,P1081,62,323.19
1152,2347,P1101,56,259.81
1152,2348,P1049,83,257.17
1152,2349,P1030,170,444.63
1153,2350,P1135,79,342.78
1154,2351,P1138,152,197.5
1155,2352,P1067,193,344.06
1155,2353,P1031,189,283.46
1156,2354,P1191,162,89.49
1156,2355,P1076,100,312.65
1156,2356,P1169,133,167.84
1157,2357,P1135,172,342.78
1157,2358,P1020,177,50.05
1157,2359,P1013,128,360.62
1158,2360,P1110,30,206.28
1158,2361,P1150,87,424.36
1158,2362,P1188,92,205.8
1159,2363,P1059,127,224.34
1159,2364,P1118,136,345.11
1159,2365,P1081,54,323.19
1160,2366,P1127,29,357.19
1161,2367,P1151,83,87.35
1161,2368,P1009,139,183.9
1162,2369,P1086,98,48.1
1162,2370,P1027,71,276.32
1163,2371,P1084,171,166.13
1164,2372,P1078,152,489.23
1165,2373,P1016,154,60.67
1166,2374,P1103,194,290.94
1167,2375,P1080,107,362.77
1167,2376,P1112,148,444.58
1167,2377,P1087,129,140.16
1168,2378,P1027,19,276.32
1168,2379,P1194,120,348.44
1168,2380,P1147,180,175.87
1169,2381,P1185,28,111.5
1170,2382,P1101,22,259.81
1170,2383,P1036,41,69.34
1170,2384,P1103,196,290.94
1171,2385,P1015,84,346.46
1172,2386,P1192,83,114.43
1172,2387,P1165,67,180.53
1173,2388,P1001,197,58.77
1173,2389,P1146,139,421.56
1174,2390,P1118,89,345.11
1174,2391,P1156,29,89.69
1174,2392,P1094,196,113.95
1175,2393,P1074,29,111.17
1176,2394,P1150,47,424.36
1176,2395,P1049,109,257.17
1176,2396,P1161,103,43.36
1177,2397,P1053,151,348.12
1177,2398,P1101,189,259.81
1177,2399,P1099,126,255.82
1178,2400,P1037,25,142.11
1178,2401,P1191,39,89.49
1179,2402,P1134,65,249.28
1179,2403,P1125,112,240.76
1180,2404,P1103,110,290.94
1181,2405,P1183,176,76.5
1181,2406,P1163,19,478.66
1181,2407,P1000,149,136.85
1182,2408,P1175,128,227.87
1183,2409,P1063,84,124.62
1183,2410,P1090,130,243.92
1183,2411,P1197,132,395.9
1184,2412,P1040,19,257.88
1184,2413,P1191,97,89.49
1185,2414,P1162,16,26.46
1185,2415,P1066,165,33.19
1186,2416,P1071,28,395.38
1186,2417,P1098,143,282.91
1186,2418,P1060,157,110.53
1187,2419,P1055,162,415.33
1187,2420,P1030,124,444.63
1187,2421,P1012,121,154.38
1188,2422,P1048,36,345.05
1188,2423,P1180,161,77.6
1189,2424,P1122,123,397.28
1190,2425,P1135,170,342.78
1190,2426,P1121,45,320.62
1191,2427,P1100,89,144.66
1191,2428,P1151,77,87.35
1192,2429,P1181,34,81.24
1192,2430,P1109,21,353.84
1192,2431,P1095,63,203.91
1193,2432,P1107,87,417.58
1194,2433,P1066,68,33.19
1194,2434,P1013,142,360.62
1194,2435,P1120,158,402.41
1195,2436,P1126,123,33.54
1196,2437,P1094,59,113.95
1196,2438,P1061,15,469.05
1197,2439,P1124,14,455.07
1197,2440,P1139,132,278.97
1198,2441,P1057,148,373.34
1199,2442,P1187,64,43.99
1200,2443,P1011,38,142.8
1200,2444,P1007,159,182.23
1201,2445,P1022,11,132.6
1201,2446,P1156,87,89.69
1201,2447,P1180,186,77.6
1202,2448,P1043,133,209.96
1202,2449,P1074,168,111.17
1203,2450,P1181,56,81.24
1204,2451,P1068,190,142.48
1204,2452,P1074,133,111.17
1205,2453,P1006,16,241.77
1205,2454,P1083,16,433.93
1205,2455,P1087,72,140.16
1206,2456,P1121,25,320.62
1206,2457,P1059,53,224.34
1207,2458,P1064,127,375.68
1207,2459,P1193,83,282.24
1208,2460,P1033,70,195.81
1208,2461,P1131,29,353.58
1208,2462,P1097,85,438.28
1209,2463,P1041,134,254.37
1209,2464,P1072,87,69.66
1209,2465,P1077,92,51.66
1210,2466,P1048,173,345.05
1211,2467,P1065,113,54.69
1211,2468,P1090,193,243.92
1211,2469,P1173,12,94.27
1212,2470,P1172,97,35.94
1212,2471,P1144,134,150.01
1212,2472,P1162,66,26.46
1213,2473,P1003,98,137.45
1213,2474,P1025,54,292.72
1214,2475,P1185,14,111.5
1214,2476,P1093,195,356.24
1215,2477,P1052,49,33.53
1216,2478,P1129,92,127.8
1216,2479,P1090,111,243.92
1217,2480,P1101,179,259.81
1217,2481,P1114,100,75.45
1217,2482,P1031,192,283.46
1218,2483,P1000,80,136.85
1219,2484,P1037,103,142.11
1220,2485,P1135,92,342.78
1220,2486,P1101,158,259.81
1221,2487,P1035,184,181.19
1221,2488,P1170,84,207.47
1221,2489,P1070,72,266.27
1222,2490,P1069,104,436.57
1223,2491,P1187,116,43.99
1223,2492,P1025,140,292.72
1223,2493,P1099,157,255.82
1224,2494,P1043,91,209.96
1224,2495,P1035,44,181.19
1224,2496,P1076,98,312.65
1225,2497,P1145,193,82.47
1226,2498,P1034,50,162.46
1226,2499,P1132,130,295.43
1226,2500,P1077,191,51.66
1227,2501,P1196,21,317.86
1228,2502,P1095,114,203.91
1229,2503,P1183,42,76.5
1230,2504,P1101,108,259.81
1230,2505,P1194,20,348.44
1230,2506,P1038,43,205.78
1231,2507,P1068,20,142.48
1232,2508,P1023,16,271.43
1232,2509,P1032,159,349.97
1233,2510,P1083,64,433.93
1233,2511,P1066,172,33.19
1234,2512,P1153,108,188.52
1234,2513,P1134,103,249.28
1234,2514,P1125,99,240.76
1235,2515,P1097,49,438.28
1235,2516,P1065,190,54.69
1236,2517,P1153,67,188.52
1236,2518,P1098,141,282.91
1237,2519,P1117,151,48.33
1237,2520,P1055,178,415.33
1238,2521,P1097,145,438.28
1238,2522,P1143,113,261.16
1239,2523,P1037,30,142.11
1239,2524,P1133,129,447.19
1240,2525,P1011,62,142.8
1241,2526,P1046,25,238.77
1241,2527,P1193,120,282.24
1242,2528,P1133,192,447.19
1242,2529,P1051,11,160.92
1243,2530,P1077,117,51.66
1243,2531,P1186,82,435.74
1244,2532,P1031,86,283.46
1244,2533,P1082,92,35.88
1245,2534,P1105,14,473.95
1245,2535,P1059,131,224.34
1246,2536,P1002,146,227.87
1246,2537,P1118,135,345.11
1247,2538,P1075,115,292.75
1247,2539,P1014,148,452.45
1247,2540,P1106,123,408.61
1248,2541,P1193,194,282.24
1248,2542,P1026,89,30.31
1249,2543,P1198,171,231.14
1249,2544,P1146,139,421.56
1250,2545,P1081,96,323.19
1251,2546,P1142,93,172.04
1251,2547,P1185,109,111.5
1252,2548,P1034,144,162.46
1252,2549,P1118,185,345.11
1253,2550,P1055,199,415.33
1253,2551,P1013,92,360.62
1253,2552,P1179,196,175.99
1254,2553,P1168,105,267.34
1254,2554,P1175,58,227.87
1255,2555,P1033,148,195.81
1256,2556,P1159,44,389.87
1256,2557,P1058,145,443.58
1257,2558,P1011,54,142.8
1258,2559,P1063,129,124.62
1259,2560,P1143,104,261.16
1259,2561,P1186,122,435.74
1260,2562,P1142,35,172.04
1261,2563,P1116,162,52.28
1261,2564,P1029,154,298.76
1262,2565,P1048,99,345.05
1262,2566,P1096,162,285.94
1263,2567,P1042,149,372.99
1263,2568,P1008,58,241.17
1263,2569,P1154,56,437.38
1264,2570,P1166,63,267.96
1265,2571,P1000,165,136.85
1265,2572,P1060,11,110.53
1266,2573,P1138,159,197.5
1266,2574,P1173,124,94.27
1267,2575,P1154,42,437.38
1267,2576,P1011,72,142.8
1267,2577,P1017,10,451.51
1268,2578,P1045,178,447.5
1268,2579,P1130,113,172.57
1268,2580,P1165,38,180.53
1269,2581,P1053,43,348.12
1269,2582,P1133,36,447.19
1269,2583,P1189,161,385.52
1270,2584,P1001,26,58.77
1271,2585,P1026,160,30.31
1271,2586,P1193,15,282.24
1272,2587,P1100,57,144.66
1272,2588,P1165,140,180.53
1272,2589,P1065,83,54.69
1273,2590,P1128,89,418.75
1273,2591,P1022,181,132.6
1274,2592,P1160,197,218.14
1274,2593,P1013,67,360.62
1274,2594,P1015,98,346.46
1275,2595,P1152,71,320.46
1275,2596,P1060,158,110.53
1275,2597,P1105,64,473.95
1276,2598,P1038,26,205.78
1277,2599,P1021,48,364.39
1277,2600,P1156,13,89.69
1278,2601,P1111,39,31.63
1278,2602,P1151,193,87.35
1278,2603,P1114,70,75.45
1279,2604,P1100,181,144.66
1280,2605,P1140,185,315.91
1280,2606,P1115,112,28.83
1280,2607,P1062,191,498.0
1281,2608,P1188,86,205.8
1282,2609,P1097,192,438.28
1282,2610,P1197,46,395.9
1282,2611,P1147,195,175.87
1283,2612,P1058,121,443.58
1283,2613,P1011,151,142.8
1283,2614,P1172,61,35.94
1284,2615,P1134,189,249.28
1284,2616,P1152,198,320.46
1285,2617,P1181,59,81.24
1285,2618,P1023,149,271.43
1286,2619,P1011,136,142.8
1286,2620,P1185,30,111.5
1286,2621,P1137,185,466.13
1287,2622,P1142,20,172.04
1288,2623,P1018,85,389.28
1288,2624,P1172,39,35.94
1288,2625,P1166,46,267.96
1289,2626,P1078,131,489.23
1289,2627,P1110,89,206.28
1290,2628,P1078,15,489.23
1290,2629,P1006,10,241.77
1290,2630,P1133,163,447.19
1291,2631,P1056,92,334.84
1292,2632,P1198,106,231.14
1293,2633,P1185,79,111.5
1294,2634,P1169,171,167.84
1295,2635,P1092,113,478.49
1296,2636,P1045,181,447.5
1296,2637,P1098,68,282.91
1296,2638,P1183,188,76.5
1297,2639,P1138,144,197.5
1297,2640,P1026,152,30.31
1298,2641,P1040,57,257.88
1299,2642,P1107,120,417.58
1299,2643,P1087,181,140.16
1299,2644,P1006,43,241.77
1300,2645,P1190,117,379.59
1301,2646,P1176,22,337.23
1301,2647,P1142,131,172.04
1302,2648,P1064,76,375.68
1303,2649,P1079,51,165.08
1304,2650,P1170,26,207.47
1304,2651,P1128,56,418.75
1304,2652,P1137,43,466.13
1305,2653,P1152,126,320.46
1305,2654,P1046,196,238.77
1305,2655,P1010,146,431.29
1306,2656,P1164,49,429.12
1307,2657,P1096,196,285.94
1307,2658,P1103,110,290.94
1308,2659,P1181,17,81.24
1308,2660,P1103,49,290.94
1309,2661,P1016,84,60.67
1309,2662,P1068,14,142.48
1310,2663,P1090,95,243.92
1310,2664,P1098,181,282.91
1311,2665,P1060,133,110.53
1312,2666,P1179,166,175.99
1312,2667,P1179,114,175.99
1312,2668,P1062,168,498.0
1313,2669,P1112,14,444.58
1313,2670,P1071,195,395.38
1314,2671,P1011,152,142.8
1314,2672,P1099,138,255.82
1314,2673,P1118,111,345.11
1315,2674,P1042,39,372.99
1315,2675,P1152,171,320.46
1316,2676,P1166,25,267.96
1316,2677,P1024,126,62.99
1317,2678,P1018,30,389.28
1317,2679,P1074,95,111.17
1318,2680,P1172,193,35.94
1318,2681,P1046,104,238.77
1319,2682,P1166,160,267.96
1320,2683,P1015,12,346.46
1320,2684,P1054,22,154.2
1321,2685,P1119,21,429.68
1321,2686,P1084,91,166.13
1321,2687,P1119,57,429.68
1322,2688,P1107,106,417.58
1322,2689,P1106,86,408.61
1322,2690,P1018,79,389.28
1323,2691,P1118,61,345.11
1324,2692,P1133,20,447.19
1324,2693,P1083,145,433.93
1324,2694,P1101,26,259.81
1325,2695,P1177,182,106.85
1325,2696,P1072,147,69.66
1325,2697,P1104,56,408.18
1326,2698,P1015,186,346.46
1326,2699,P1190,24,379.59
1326,2700,P1109,155,353.84
1327,2701,P1075,56,292.75
1327,2702,P1168,49,267.34
1327,2703,P1048,147,345.05
1328,2704,P1131,97,353.58
1328,2705,P1038,196,205.78
1329,2706,P1137,75,466.13
1329,2707,P1007,87,182.23
1329,2708,P1133,163,447.19
1330,2709,P1124,134,455.07
1331,2710,P1008,170,241.17
1331,2711,P1130,151,172.57
1332,2712,P1156,127,89.69
1333,2713,P1134,133,249.28
1334,2714,P1067,43,344.06
1334,2715,P1170,45,207.47
1334,2716,P1080,32,362.77
1335,2717,P1014,16,452.45
1336,2718,P1030,40,444.63
1337,2719,P1090,97,243.92
1337,2720,P1000,23,136.85
1337,2721,P1153,95,188.52
1338,2722,P1065,25,54.69
1338,2723,P1162,154,26.46
1338,2724,P1189,167,385.52
1339,2725,P1179,100,175.99
1340,2726,P1001,111,58.77
1340,2727,P1055,198,415.33
1340,2728,P1019,47,135.07
1341,2729,P1018,85,389.28
1341,2730,P1165,173,180.53
1341,2731,P1131,106,353.58
1342,2732,P1022,59,132.6
1342,2733,P1115,153,28.83
1342,2734,P1120,71,402.41
1343,2735,P1091,84,403.86
1344,2736,P1177,183,106.85
1344,2737,P1101,150,259.81
1345,2738,P1152,125,320.46
1345,2739,P1051,65,160.92
1346,2740,P1139,133,278.97
1346,2741,P1092,110,478.49
1347,2742,P1074,180,111.17
1348,2743,P1187,124,43.99
1349,2744,P1008,87,241.17
1349,2745,P1170,77,207.47
1349,2746,P1032,157,349.97
1350,2747,P1051,100,160.92
1351,2748,P1130,53,172.57
1351,2749,P1190,69,379.59
1352,2750,P1085,176,139.55
1353,2751,P1170,13,207.47
1354,2752,P1173,160,94.27
1354,2753,P1044,123,345.07
1354,2754,P1112,73,444.58
1355,2755,P1174,22,26.27
1356,2756,P1193,125,282.24
1356,2757,P1077,132,51.66
1357,2758,P1018,166,389.28
1357,2759,P1180,10,77.6
1357,2760,P1069,77,436.57
1358,2761,P1185,198,111.5
1358,2762,P1138,182,197.5
1358,2763,P1083,58,433.93
1359,2764,P1058,101,443.58
1359,2765,P1183,132,76.5
1360,2766,P1056,117,334.84
1361,2767,P1192,11,114.43
1361,2768,P1157,116,162.53
1362,2769,P1198,12,231.14
1363,2770,P1156,10,89.69
1364,2771,P1053,189,348.12
1364,2772,P1136,92,150.39
1364,2773,P1128,172,418.75
1365,2774,P1034,80,162.46
1366,2775,P1016,144,60.67
1366,2776,P1115,95,28.83
1366,2777,P1028,185,420.17
1367,2778,P1054,40,154.2
1367,2779,P1104,51,408.18
1368,2780,P1139,65,278.97
1369,2781,P1016,96,60.67
1370,2782,P1023,138,271.43
1370,2783,P1078,171,489.23
1370,2784,P1118,32,345.11
1371,2785,P1183,66,76.5
1371,2786,P1183,73,76.5
1371,2787,P1159,95,389.87
1372,2788,P1028,34,420.17
1372,2789,P1030,26,444.63
1373,2790,P1147,178,175.87
1374,2791,P1089,157,116.42
1375,2792,P1006,183,241.77
1375,2793,P1156,141,89.69
1376,2794,P1008,25,241.17
1376,2795,P1050,31,98.34
1377,2796,P1071,45,395.38
1377,2797,P1065,178,54.69
1378,2798,P1047,97,285.65
1378,2799,P1124,49,455.07
1378,2800,P1108,172,191.84
1379,2801,P1106,69,408.61
1379,2802,P1124,20,455.07
1380,2803,P1078,19,489.23
1380,2804,P1188,73,205.8
1381,2805,P1176,118,337.23
1382,2806,P1110,23,206.28
1383,2807,P1057,159,373.34
1383,2808,P1161,141,43.36
1384,2809,P1051,12,160.92
1385,2810,P1037,150,142.11
1386,2811,P1073,172,439.74
1386,2812,P1121,130,320.62
1387,2813,P1054,98,154.2
1387,2814,P1041,83,254.37
1387,2815,P1040,19,257.88
1388,2816,P1097,93,438.28
1389,2817,P1125,154,240.76
1390,2818,P1125,126,240.76
1390,2819,P1167,189,296.43
1391,2820,P1084,98,166.13
1392,2821,P1062,60,498.0
1392,2822,P1110,25,206.28
1393,2823,P1063,153,124.62
1393,2824,P1113,13,45.1
1393,2825,P1169,88,167.84
1394,2826,P1044,117,345.07
1394,2827,P1192,42,114.43
1395,2828,P1118,173,345.11
1396,2829,P1008,154,241.17
1397,2830,P1025,189,292.72
1397,2831,P1147,174,175.87
1397,2832,P1117,101,48.33
1398,2833,P1015,15,346.46
1398,2834,P1033,23,195.81
1399,2835,P1076,131,312.65
1399,2836,P1065,47,54.69
1399,2837,P1036,147,69.34
1400,2838,P1017,104,451.51
1400,2839,P1073,186,439.74
1400,2840,P1148,196,219.67
1401,2841,P1129,179,127.8
1401,2842,P1027,113,276.32
1402,2843,P1159,41,389.87
1402,2844,P1190,42,379.59
1403,2845,P1106,75,408.61
1404,2846,P1105,180,473.95
1404,2847,P1130,19,172.57
1404,2848,P1123,172,239.15
1405,2849,P1031,136,283.46
1405,2850,P1003,64,137.45
1405,2851,P1046,46,238.77
1406,2852,P1101,54,259.81
1406,2853,P1182,180,316.7
1406,2854,P1125,155,240.76
1407,2855,P1016,95,60.67
1408,2856,P1003,119,137.45
1408,2857,P1120,142,402.41
1409,2858,P1065,65,54.69
1409,2859,P1002,64,227.87
1409,2860,P1025,54,292.72
1410,2861,P1165,116,180.53
1410,2862,P1092,138,478.49
1410,2863,P1150,44,424.36
1411,2864,P1010,65,431.29
1411,2865,P1078,72,489.23
1411,2866,P1188,41,205.8
1412,2867,P1019,17,135.07
1413,2868,P1112,166,444.58
1414,2869,P1013,57,360.62
1415,2870,P1159,36,389.87
1415,2871,P1090,151,243.92
1415,2872,P1036,91,69.34
1416,2873,P1037,81,142.11
1416,2874,P1089,47,116.42
1416,2875,P1125,114,240.76
1417,2876,P1126,99,33.54
1417,2877,P1038,105,205.78
1417,2878,P1022,163,132.6
1418,2879,P1136,199,150.39
1418,2880,P1086,179,48.1
1418,2881,P1055,77,415.33
1419,2882,P1043,185,209.96
1419,2883,P1107,180,417.58
1420,2884,P1154,152,437.38
1420,2885,P1009,109,183.9
1421,2886,P1085,18,139.55
1422,2887,P1156,102,89.69
1422,2888,P1032,117,349.97
1422,2889,P1059,169,224.34
1423,2890,P1032,11,349.97
1423,2891,P1152,49,320.46
1423,2892,P1006,148,241.77
1424,2893,P1122,43,397.28
1424,2894,P1114,29,75.45
1424,2895,P1054,120,154.2
1425,2896,P1148,68,219.67
1426,2897,P1078,173,489.23
1426,2898,P1031,116,283.46
1426,2899,P1085,85,139.55
1427,2900,P1101,146,259.81
1427,2901,P1044,105,345.07
1427,2902,P1066,94,33.19
1428,2903,P1106,50,408.61
1428,2904,P1173,109,94.27
1428,2905,P1067,39,344.06
1429,2906,P1025,30,292.72
1429,2907,P1150,44,424.36
1429,2908,P1015,131,346.46
1430,2909,P1177,60,106.85
1430,2910,P1081,174,323.19
1430,2911,P1102,157,172.98
1431,2912,P1046,85,238.77
1431,2913,P1127,130,357.19
1432,2914,P1153,18,188.52
1432,2915,P1024,110,62.99
1432,2916,P1162,86,26.46
1433,2917,P1031,61,283.46
1433,2918,P1072,111,69.66
1434,2919,P1040,108,257.88
1434,2920,P1196,130,317.86
1435,2921,P1101,150,259.81
1436,2922,P1183,178,76.5
1436,2923,P1100,137,144.66
1436,2924,P1064,184,375.68
1437,2925,P1113,149,45.1
1438,2926,P1186,179,435.74
1439,2927,P1077,182,51.66
1439,2928,P1149,160,282.64
1439,2929,P1138,152,197.5
1440,2930,P1128,145,418.75
1440,2931,P1045,25,447.5
1441,2932,P1043,142,209.96
1441,2933,P1065,182,54.69
1442,2934,P1102,65,172.98
1442,2935,P1122,177,397.28
1443,2936,P1112,112,444.58
1444,2937,P1193,93,282.24
1444,2938,P1082,58,35.88
1444,2939,P1067,145,344.06
1445,2940,P1022,70,132.6
1445,2941,P1161,156,43.36
1446,2942,P1014,67,452.45
1446,2943,P1119,159,429.68
1447,2944,P1197,123,395.9
1447,2945,P1173,179,94.27
1448,2946,P1031,156,283.46
1448,2947,P1118,93,345.11
1448,2948,P1168,116,267.34
1449,2949,P1191,171,89.49
1450,2950,P1108,143,191.84
1450,2951,P1196,55,317.86
1451,2952,P1175,153,227.87
1451,2953,P1187,94,43.99
1451,2954,P1027,80,276.32
1452,2955,P1090,115,243.92
1452,2956,P1098,87,282.91
1453,2957,P1174,136,26.27
1454,2958,P1063,186,124.62
1455,2959,P1181,117,81.24
1455,2960,P1078,159,489.23
1455,2961,P1130,35,172.57
1456,2962,P1166,180,267.96
1456,2963,P1064,10,375.68
1456,2964,P1188,121,205.8
1457,2965,P1093,13,356.24
1457,2966,P1124,144,455.07
1458,2967,P1185,25,111.5
1458,2968,P1139,18,278.97
1459,2969,P1018,107,389.28
1459,2970,P1123,181,239.15
1460,2971,P1084,134,166.13
1461,2972,P1174,177,26.27
1462,2973,P1075,195,292.75
1463,2974,P1060,172,110.53
1464,2975,P1095,196,203.91
1464,2976,P1111,56,31.63
1465,2977,P1079,66,165.08
1465,2978,P1080,27,362.77
1466,2979,P1142,108,172.04
1466,2980,P1092,199,478.49
1466,2981,P1129,71,127.8
1467,2982,P1023,161,271.43
1468,2983,P1050,195,98.34
1469,2984,P1018,56,389.28
1469,2985,P1163,118,478.66
1469,2986,P1005,12,308.82
1470,2987,P1133,192,447.19
1470,2988,P1066,26,33.19
1470,2989,P1047,176,285.65
1471,2990,P1113,121,45.1
1471,2991,P1108,67,191.84
1472,2992,P1127,145,357.19
1473,2993,P1109,15,353.84
1474,2994,P1057,79,373.34
1474,2995,P1199,125,289.09
1474,2996,P1198,80,231.14
1475,2997,P1188,69,205.8
1475,2998,P1190,179,379.59
1475,2999,P1071,53,395.38
1476,3000,P1081,72,323.19
1476,3001,P1144,88,150.01
1476,3002,P1158,118,37.36
1477,3003,P1046,111,238.77
1477,3004,P1137,76,466.13
1477,3005,P1040,145,257.88
1478,3006,P1027,10,276.32
1479,3007,P1144,105,150.01
1479,3008,P1188,81,205.8
1479,3009,P1187,132,43.99
1480,3010,P1153,23,188.52
1481,3011,P1030,164,444.63
1481,3012,P1076,29,312.65
1481,3013,P1056,80,334.84
1482,3014,P1069,51,436.57
1482,3015,P1120,100,402.41
1483,3016,P1049,135,257.17
1483,3017,P1080,108,362.77
1483,3018,P1107,182,417.58
1484,3019,P1156,74,89.69
1484,3020,P1046,143,238.77
1484,3021,P1175,156,227.87
1485,3022,P1117,104,48.33
1486,3023,P1084,126,166.13
1486,3024,P1131,67,353.58
1487,3025,P1182,169,316.7
1487,3026,P1140,30,315.91
1488,3027,P1039,44,183.94
1488,3028,P1145,95,82.47
1488,3029,P1028,11,420.17
1489,3030,P1178,139,276.28
1489,3031,P1056,131,334.84
1489,3032,P1175,23,227.87
1490,3033,P1135,66,342.78
1490,3034,P1119,126,429.68
1491,3035,P1108,164,191.84
1492,3036,P1178,94,276.28
1492,3037,P1103,71,290.94
1492,3038,P1049,196,257.17
1493,3039,P1015,77,346.46
1493,3040,P1075,191,292.75
1494,3041,P1131,69,353.58
1494,3042,P1091,27,403.86
1494,3043,P1149,38,282.64
1495,3044,P1041,167,254.37
1495,3045,P1099,199,255.82
1496,3046,P1055,14,415.33
1497,3047,P1131,103,353.58
1497,3048,P1183,52,76.5
1498,3049,P1143,59,261.16
1498,3050,P1054,49,154.2
1499,3051,P1173,28,94.27
1499,3052,P1149,57,282.64
1499,3053,P1025,162,292.72
1500,3054,P1164,62,429.12
1500,3055,P1063,54,124.62
