product_id,product_name,category,unit_cost,unit_price
P1000,Product_0,Furniture,136.85,190.64
P1001,Product_1,Chemicals,58.77,92.1
P1002,Product_2,Packaging,227.87,353.34
P1003,Product_3,Textiles,137.45,232.07
P1004,Product_4,Hardware,481.29,593.74
P1005,Product_5,Electronics,308.82,459.59
P1006,Product_6,Packaging,241.77,413.27
P1007,Product_7,Chemicals,182.23,327.32
P1008,Product_8,Packaging,241.17,308.0
P1009,Product_9,Electronics,183.9,291.95
P1010,Product_10,Electronics,431.29,517.89
P1011,Product_11,Packaging,142.8,201.31
P1012,Product_12,Chemicals,154.38,226.45
P1013,Product_13,Packaging,360.62,507.58
P1014,Product_14,Hardware,452.45,712.48
P1015,Product_15,Packaging,346.46,418.95
P1016,Product_16,Textiles,60.67,105.87
P1017,Product_17,Textiles,451.51,628.1
P1018,Product_18,Chemicals,389.28,502.26
P1019,Product_19,Textiles,135.07,197.19
P1020,Product_20,Textiles,50.05,75.5
P1021,Product_21,Furniture,364.39,448.64
P1022,Product_22,Packaging,132.6,222.69
P1023,Product_23,Packaging,271.43,445.81
P1024,Product_24,Electronics,62.99,94.93
P1025,Product_25,Furniture,292.72,383.93
P1026,Product_26,Textiles,30.31,53.22
P1027,Product_27,Textiles,276.32,463.25
P1028,Product_28,Furniture,420.17,563.12
P1029,Product_29,Furniture,298.76,490.44
P1030,Product_30,Electronics,444.63,560.6
P1031,Product_31,Electronics,283.46,360.3
P1032,Product_32,Chemicals,349.97,513.32
P1033,Product_33,Electronics,195.81,317.41
P1034,Product_34,Electronics,162.46,284.37
P1035,Product_35,Textiles,181.19,322.99
P1036,Product_36,Hardware,69.34,111.99
P1037,Product_37,Chemicals,142.11,237.31
P1038,Product_38,Chemicals,205.78,309.96
P1039,Product_39,Furniture,183.94,226.9
P1040,Product_40,Packaging,257.88,328.84
P1041,Product_41,Chemicals,254.37,453.41
P1042,Product_42,Electronics,372.99,535.54
P1043,Product_43,Chemicals,209.96,349.19
P1044,Product_44,Chemicals,345.07,459.73
P1045,Product_45,Packaging,447.5,680.09
P1046,Product_46,Packaging,238.77,308.4
P1047,Product_47,Chemicals,285.65,481.39
P1048,Product_48,Textiles,345.05,448.85
P1049,Product_49,Electronics,257.17,417.53
P1050,Product_50,Electronics,98.34,126.91
P1051,Product_51,Electronics,160.92,272.15
P1052,Product_52,Packaging,33.53,50.35
P1053,Product_53,Electronics,348.12,503.89
P1054,Product_54,Textiles,154.2,216.2
P1055,Product_55,Electronics,415.33,669.78
P1056,Product_56,Packaging,334.84,419.5
P1057,Product_57,Textiles,373.34,639.8
P1058,Product_58,Chemicals,443.58,734.9
P1059,Product_59,Hardware,224.34,319.41
P1060,Product_60,Textiles,110.53,197.47
P1061,Product_61,Packaging,469.05,797.03
P1062,Product_62,Furniture,498.0,678.52
P1063,Product_63,Textiles,124.62,215.92
P1064,Product_64,Textiles,375.68,473.12
P1065,Product_65,Packaging,54.69,88.26
P1066,Product_66,Hardware,33.19,42.44
P1067,Product_67,Chemicals,344.06,614.34
P1068,Product_68,Packaging,142.48,175.22
P1069,Product_69,Chemicals,436.57,584.85
P1070,Product_70,Chemicals,266.27,404.22
P1071,Product_71,Furniture,395.38,612.99
P1072,Product_72,Electronics,69.66,105.03
P1073,Product_73,Textiles,439.74,722.96
P1074,Product_74,Hardware,111.17,133.51
P1075,Product_75,Chemicals,292.75,450.33
P1076,Product_76,Furniture,312.65,490.54
P1077,Product_77,Chemicals,51.66,68.47
P1078,Product_78,Textiles,489.23,780.56
P1079,Product_79,Electronics,165.08,262.87
P1080,Product_80,Electronics,362.77,550.72
P1081,Product_81,Hardware,323.19,438.11
P1082,Product_82,Electronics,35.88,52.02
P1083,Product_83,Hardware,433.93,591.65
P1084,Product_84,Hardware,166.13,276.08
P1085,Product_85,Furniture,139.55,219.26
P1086,Product_86,Furniture,48.1,62.08
P1087,Product_87,Furniture,140.16,215.93
P1088,Product_88,Chemicals,317.63,553.3
P1089,Product_89,Hardware,116.42,197.88
P1090,Product_90,Packaging,243.92,423.13
P1091,Product_91,Furniture,403.86,706.84
P1092,Product_92,Hardware,478.49,628.22
P1093,Product_93,Hardware,356.24,581.31
P1094,Product_94,Packaging,113.95,180.8
P1095,Product_95,Textiles,203.91,248.78
P1096,Product_96,Furniture,285.94,476.64
P1097,Product_97,Electronics,438.28,580.42
P1098,Product_98,Electronics,282.91,495.15
P1099,Product_99,Electronics,255.82,435.19
P1100,Product_100,Textiles,144.66,240.33
P1101,Product_101,Furniture,259.81,420.39
P1102,Product_102,Packaging,172.98,256.36
P1103,Product_103,Electronics,290.94,488.4
P1104,Product_104,Furniture,408.18,690.45
P1105,Product_105,Electronics,473.95,596.74
P1106,Product_106,Hardware,408.61,571.5
P1107,Product_107,Textiles,417.58,580.43
P1108,Product_108,Electronics,191.84,244.55
P1109,Product_109,Textiles,353.84,631.77
P1110,Product_110,Electronics,206.28,319.77
P1111,Product_111,Electronics,31.63,49.15
P1112,Product_112,Electronics,444.58,635.52
P1113,Product_113,Packaging,45.1,74.92
P1114,Product_114,Hardware,75.45,112.07
P1115,Product_115,Packaging,28.83,47.44
P1116,Product_116,Textiles,52.28,90.28
P1117,Product_117,Hardware,48.33,77.05
P1118,Product_118,Chemicals,345.11,543.16
P1119,Product_119,Packaging,429.68,718.49
P1120,Product_120,Hardware,402.41,604.34
P1121,Product_121,Electronics,320.62,540.88
P1122,Product_122,Furniture,397.28,498.78
P1123,Product_123,Electronics,239.15,321.69
P1124,Product_124,Packaging,455.07,798.54
P1125,Product_125,Hardware,240.76,313.64
P1126,Product_126,Furniture,33.54,49.37
P1127,Product_127,Packaging,357.19,531.65
P1128,Product_128,Chemicals,418.75,607.4
P1129,Product_129,Textiles,127.8,219.83
P1130,Product_130,Packaging,172.57,284.71
P1131,Product_131,Furniture,353.58,596.18
P1132,Product_132,Textiles,295.43,530.23
P1133,Product_133,Furniture,447.19,798.19
P1134,Product_134,Hardware,249.28,432.57
P1135,Product_135,Furniture,342.78,527.67
P1136,Product_136,Furniture,150.39,207.66
P1137,Product_137,Chemicals,466.13,761.76
P1138,Product_138,Packaging,197.5,349.49
P1139,Product_139,Hardware,278.97,500.51
P1140,Product_140,Furniture,315.91,495.33
P1141,Product_141,Furniture,142.05,230.19
P1142,Product_142,Furniture,172.04,235.22
P1143,Product_143,Packaging,261.16,344.98
P1144,Product_144,Furniture,150.01,237.51
P1145,Product_145,Electronics,82.47,110.1
P1146,Product_146,Hardware,421.56,605.87
P1147,Product_147,Chemicals,175.87,263.02
P1148,Product_148,Furniture,219.67,386.54
P1149,Product_149,Hardware,282.64,504.95
P1150,Product_150,Furniture,424.36,572.15
P1151,Product_151,Chemicals,87.35,111.74
P1152,Product_152,Electronics,320.46,427.79
P1153,Product_153,Furniture,188.52,284.92
P1154,Product_154,Electronics,437.38,730.31
P1155,Product_155,Textiles,337.37,510.51
P1156,Product_156,Textiles,89.69,157.84
P1157,Product_157,Electronics,162.53,257.2
P1158,Product_158,Electronics,37.36,55.67
P1159,Product_159,Textiles,389.87,648.03
P1160,Product_160,Textiles,218.14,386.59
P1161,Product_161,Textiles,43.36,60.7
P1162,Product_162,Hardware,26.46,36.12
P1163,Product_163,Electronics,478.66,635.67
P1164,Product_164,Packaging,429.12,652.86
P1165,Product_165,Chemicals,180.53,267.35
P1166,Product_166,Chemicals,267.96,361.3
P1167,Product_167,Chemicals,296.43,484.07
P1168,Product_168,Chemicals,267.34,368.54
P1169,Product_169,Textiles,167.84,277.59
P1170,Product_170,Textiles,207.47,353.39
P1171,Product_171,Electronics,106.96,183.94
P1172,Product_172,Textiles,35.94,46.29
P1173,Product_173,Chemicals,94.27,130.43
P1174,Product_174,Hardware,26.27,39.79
P1175,Product_175,Furniture,227.87,389.05
P1176,Product_176,Hardware,337.23,485.83
P1177,Product_177,Packaging,106.85,170.52
P1178,Product_178,Electronics,276.28,406.89
P1179,Product_179,Hardware,175.99,214.32
P1180,Product_180,Hardware,77.6,107.85
P1181,Product_181,Hardware,81.24,134.37
P1182,Product_182,Chemicals,316.7,518.81
P1183,Product_183,Chemicals,76.5,132.36
P1184,Product_184,Packaging,285.56,444.25
P1185,Product_185,Textiles,111.5,185.07
P1186,Product_186,Textiles,435.74,631.43
P1187,Product_187,Textiles,43.99,62.02
P1188,Product_188,Hardware,205.8,288.92
P1189,Product_189,Textiles,385.52,499.41
P1190,Product_190,Furniture,379.59,555.22
P1191,Product_191,Textiles,89.49,150.92
P1192,Product_192,Chemicals,114.43,138.15
P1193,Product_193,Chemicals,282.24,436.04
P1194,Product_194,Textiles,348.44,454.27
P1195,Product_195,Chemicals,381.1,627.48
P1196,Product_196,Chemicals,317.86,408.17
P1197,Product_197,Hardware,395.9,514.05
P1198,Product_198,Packaging,231.14,283.28
P1199,Product_199,Chemicals,289.09,423.69
