po_id,supplier_id,order_date,due_date,total_amount
1,64,2025-10-03,2025-11-02,112779.08
2,77,2026-01-27,2026-02-26,49776.84
3,64,2026-01-02,2026-02-01,57877.71
4,74,2026-02-04,2026-03-21,64825.18
5,1,2025-09-16,2025-10-16,4542.5
6,42,2025-12-10,2026-01-09,35925.47
7,11,2025-11-10,2025-12-25,35512.95
8,69,2025-10-02,2025-11-16,127327.77
9,1,2026-02-18,2026-03-20,29443.88
10,65,2026-01-16,2026-02-15,68874.09
11,50,2026-05-29,2026-06-28,70482.19
12,69,2026-01-19,2026-03-05,77809.6
13,76,2025-12-26,2026-02-09,120391.62
14,60,2026-07-11,2026-08-10,111545.04
15,37,2025-11-25,2025-12-25,21854.0
16,23,2026-08-25,2026-10-09,64736.42
17,5,2025-09-23,2025-10-23,23449.65
18,4,2025-10-23,2025-11-22,68989.23
19,17,2026-06-17,2026-08-16,69043.53
20,30,2025-10-15,2025-11-29,72790.28
21,54,2026-02-28,2026-04-14,119319.9
22,78,2026-08-24,2026-10-08,7672.37
23,23,2026-03-23,2026-05-07,59799.43
24,24,2026-08-01,2026-08-31,48322.66
25,17,2025-11-15,2026-01-14,92217.4
26,59,2025-12-08,2026-01-07,144941.14
27,52,2026-04-24,2026-05-24,73475.28
28,46,2026-05-24,2026-06-23,65264.4
29,78,2026-06-16,2026-07-31,25147.44
30,59,2025-10-27,2025-11-26,80723.26
31,79,2026-02-17,2026-04-03,5924.62
32,19,2025-10-22,2025-11-21,63222.63
33,69,2026-01-05,2026-02-19,88906.03
34,17,2025-11-02,2026-01-01,40516.92
35,6,2025-12-17,2026-01-31,13392.6
36,25,2026-01-21,2026-03-07,62991.32
37,47,2026-01-14,2026-02-28,39378.77
38,17,2026-02-13,2026-04-14,19933.81
39,33,2026-04-28,2026-05-28,34232.55
40,11,2025-09-28,2025-11-12,56912.64
41,33,2026-07-25,2026-08-24,35877.08
42,28,2026-08-10,2026-09-09,19743.19
43,41,2026-05-16,2026-06-15,51633.72
44,59,2026-01-09,2026-02-08,2368.44
45,5,2026-06-08,2026-07-08,6412.34
46,30,2026-03-28,2026-05-12,20513.85
47,46,2026-05-13,2026-06-12,78052.01
48,56,2025-09-19,2025-11-03,34546.9
49,3,2025-12-02,2026-01-31,133603.65
50,12,2026-03-09,2026-04-08,38647.87
51,7,2026-02-27,2026-03-29,38668.18
52,26,2026-05-11,2026-06-25,4894.16
53,44,2026-04-17,2026-06-01,126202.03
54,56,2026-04-16,2026-05-31,15544.75
55,55,2025-09-30,2025-10-30,38817.95
56,13,2026-01-17,2026-02-16,29452.2
57,78,2026-05-23,2026-07-07,73232.24
58,25,2025-12-26,2026-02-09,118487.95
59,16,2025-12-10,2026-01-24,64695.99
60,41,2025-12-07,2026-01-06,21301.42
61,4,2026-01-26,2026-02-25,85736.9
62,40,2026-05-18,2026-07-17,13820.56
63,51,2025-11-08,2025-12-23,127581.01
64,55,2026-02-28,2026-03-30,57816.79
65,33,2026-03-24,2026-04-23,18844.56
66,39,2026-07-21,2026-09-04,57142.22
67,24,2026-01-16,2026-02-15,80659.7
68,63,2026-04-25,2026-06-09,53326.18
69,60,2025-12-17,2026-01-16,39220.14
70,52,2026-07-19,2026-08-18,63154.5
71,49,2026-05-13,2026-06-12,78956.49
72,66,2026-01-16,2026-02-15,66028.76
73,41,2025-10-17,2025-11-16,83924.59
74,15,2025-11-05,2025-12-05,33667.63
75,57,2026-03-27,2026-05-11,46351.38
76,49,2026-04-09,2026-05-09,64274.59
77,59,2026-01-14,2026-02-13,23847.13
78,74,2025-09-12,2025-10-27,54055.94
79,6,2026-01-08,2026-02-22,39825.21
80,64,2026-07-24,2026-08-23,22152.56
81,23,2026-08-18,2026-10-02,117993.64
82,42,2026-08-06,2026-09-05,52683.79
83,69,2026-05-08,2026-06-22,10246.88
84,40,2026-01-29,2026-03-30,109202.18
85,31,2025-11-18,2025-12-18,38521.6
86,14,2025-10-03,2025-11-17,12292.5
87,70,2026-04-10,2026-05-10,9930.6
88,45,2026-01-22,2026-03-08,106980.47
89,12,2025-12-17,2026-01-16,81895.64
90,39,2026-03-02,2026-04-16,11916.48
91,22,2026-02-22,2026-03-24,10771.48
92,78,2025-12-23,2026-02-06,14697.0
93,35,2026-01-20,2026-02-19,52778.05
94,79,2026-02-10,2026-03-27,25729.01
95,13,2025-12-29,2026-01-28,51934.69
96,40,2025-09-14,2025-11-13,87516.39
97,21,2026-05-15,2026-06-14,22827.66
98,58,2025-10-21,2025-11-20,78874.17
99,67,2025-11-15,2025-12-30,38766.79
100,72,2025-10-18,2025-12-17,66220.21
101,14,2026-03-05,2026-04-19,16144.62
102,63,2026-02-16,2026-04-02,2537.04
103,10,2026-05-03,2026-06-02,74260.3
104,72,2026-03-20,2026-05-19,56541.01
105,56,2026-03-04,2026-04-18,109358.47
106,4,2026-02-01,2026-03-03,73276.89
107,55,2026-01-21,2026-02-20,23481.53
108,9,2026-05-13,2026-06-27,110639.87
109,61,2026-04-24,2026-05-24,59071.7
110,65,2025-12-29,2026-01-28,17182.04
111,61,2025-11-19,2025-12-19,15396.2
112,56,2026-01-23,2026-03-09,17645.17
113,77,2025-12-13,2026-01-12,58023.54
114,53,2025-12-18,2026-01-17,28743.19
115,44,2026-05-24,2026-07-08,35283.51
116,56,2025-12-20,2026-02-03,29560.98
117,39,2025-09-10,2025-10-25,23313.48
118,23,2025-10-05,2025-11-19,64086.1
119,21,2026-08-27,2026-09-26,74475.69
120,77,2026-01-16,2026-02-15,33821.05
121,13,2026-03-18,2026-04-17,56850.39
122,59,2026-08-20,2026-09-19,51126.85
123,26,2026-07-22,2026-09-05,79070.17
124,47,2025-10-18,2025-12-02,18592.74
125,4,2026-06-03,2026-07-03,53088.84
126,71,2026-07-21,2026-08-20,98685.01
127,70,2025-10-16,2025-11-15,79614.36
128,70,2025-12-07,2026-01-06,57695.2
129,43,2025-10-06,2025-11-20,2419.45
130,39,2026-04-27,2026-06-11,66979.07
131,31,2025-09-01,2025-10-01,24548.34
132,73,2025-10-20,2025-11-19,26335.65
133,2,2026-07-13,2026-08-12,69586.88
134,7,2026-08-26,2026-09-25,33716.66
135,1,2025-09-29,2025-10-29,142554.52
136,7,2025-09-20,2025-10-20,2456.06
137,9,2025-09-29,2025-11-13,146688.52
138,48,2025-09-16,2025-10-31,131572.56
139,55,2026-08-02,2026-09-01,61471.82
140,77,2026-04-25,2026-05-25,106340.27
141,60,2026-08-10,2026-09-09,33775.3
142,70,2026-04-07,2026-05-07,5782.8
143,78,2025-11-12,2025-12-27,16694.72
144,58,2026-01-26,2026-02-25,9657.07
145,49,2026-02-21,2026-03-23,21222.71
146,30,2025-09-24,2025-11-08,2186.76
147,22,2026-03-28,2026-04-27,11187.12
148,4,2025-10-20,2025-11-19,34030.16
149,66,2026-06-14,2026-07-14,5125.5
150,30,2025-09-13,2025-10-28,122759.98
151,24,2026-08-15,2026-09-14,130058.61
152,80,2026-02-18,2026-04-04,15863.03
153,25,2026-01-12,2026-02-26,76851.44
154,65,2025-11-18,2025-12-18,30458.4
155,76,2026-05-28,2026-07-12,126056.25
156,16,2026-05-23,2026-07-07,50402.57
157,55,2026-06-29,2026-07-29,25826.85
158,27,2026-03-21,2026-04-20,47027.4
159,68,2026-08-05,2026-10-04,27414.32
160,60,2026-07-20,2026-08-19,40302.15
161,58,2025-10-02,2025-11-01,23264.5
162,57,2025-09-01,2025-10-16,1829.88
163,48,2026-01-22,2026-03-08,29934.96
164,41,2026-08-24,2026-09-23,55180.49
165,68,2025-12-18,2026-02-16,14400.96
166,34,2025-12-25,2026-01-24,66641.75
167,34,2026-08-22,2026-09-21,55157.58
168,2,2026-08-05,2026-09-04,5165.18
169,1,2025-11-18,2025-12-18,15184.84
170,37,2026-05-06,2026-06-05,70251.84
171,59,2025-09-05,2025-10-05,41227.3
172,43,2026-07-22,2026-09-05,60918.78
173,59,2025-09-11,2025-10-11,102872.02
174,76,2025-09-27,2025-11-11,16764.48
175,65,2026-06-22,2026-07-22,105233.25
176,13,2025-12-10,2026-01-09,7239.2
177,1,2026-05-21,2026-06-20,44203.59
178,45,2026-01-08,2026-02-22,76576.65
179,74,2026-02-24,2026-04-10,29258.12
180,14,2025-10-12,2025-11-26,134509.32
181,40,2026-01-29,2026-03-30,83744.56
182,22,2025-09-21,2025-10-21,24762.12
183,46,2025-12-22,2026-01-21,125039.89
184,47,2026-01-07,2026-02-21,6130.08
185,59,2026-06-12,2026-07-12,92047.26
186,12,2026-07-04,2026-08-03,49168.12
187,57,2026-02-10,2026-03-27,74202.0
188,80,2026-06-18,2026-08-02,62185.16
189,65,2025-10-07,2025-11-06,42181.23
190,18,2026-01-24,2026-02-23,10665.86
191,68,2026-08-19,2026-10-18,8383.61
192,70,2026-01-12,2026-02-11,175500.32
193,58,2025-11-13,2025-12-13,39776.06
194,51,2025-10-28,2025-12-12,11382.12
195,62,2026-07-29,2026-08-28,4368.42
196,62,2026-03-15,2026-04-14,31750.44
197,35,2025-12-22,2026-01-21,65087.52
198,76,2025-09-25,2025-11-09,104982.6
199,27,2026-06-21,2026-07-21,1610.82
200,56,2026-03-31,2026-05-15,76692.0
201,29,2026-07-08,2026-08-07,100230.61
202,43,2025-10-14,2025-11-28,11628.0
203,17,2026-07-12,2026-09-10,73070.17
204,37,2025-11-11,2025-12-11,6148.82
205,40,2026-04-21,2026-06-20,9295.95
206,57,2026-05-08,2026-06-22,43050.4
207,6,2025-10-18,2025-12-02,43039.36
208,59,2026-04-15,2026-05-15,81594.98
209,59,2025-09-26,2025-10-26,90930.59
210,71,2026-01-16,2026-02-15,6036.47
211,43,2026-07-28,2026-09-11,32016.98
212,74,2025-11-21,2026-01-05,35775.59
213,15,2026-03-15,2026-04-14,106451.15
214,15,2025-12-18,2026-01-17,87637.34
215,10,2025-11-08,2025-12-08,23406.67
216,68,2026-07-23,2026-09-21,126065.22
217,33,2026-01-16,2026-02-15,51816.24
218,76,2026-04-30,2026-06-14,40653.67
219,9,2025-11-15,2025-12-30,97290.57
220,27,2026-03-06,2026-04-05,19558.74
221,62,2025-09-24,2025-10-24,33502.48
222,11,2026-08-02,2026-09-16,20535.83
223,15,2025-11-12,2025-12-12,46428.42
224,71,2026-07-30,2026-08-29,32294.34
225,8,2026-06-01,2026-07-01,35183.58
226,69,2026-04-24,2026-06-08,111036.72
227,66,2026-01-03,2026-02-02,14839.04
228,2,2026-06-02,2026-07-02,116408.62
229,74,2026-01-27,2026-03-13,1203.18
230,17,2026-07-10,2026-09-08,31916.93
231,77,2026-07-02,2026-08-01,30784.08
232,9,2026-01-02,2026-02-16,26064.52
233,80,2026-01-12,2026-02-26,82596.03
234,71,2025-10-25,2025-11-24,5706.56
235,76,2025-09-02,2025-10-17,94814.13
236,4,2026-05-20,2026-06-19,109757.74
237,31,2026-03-28,2026-04-27,56918.19
238,3,2026-05-12,2026-07-11,15249.0
239,41,2026-05-01,2026-05-31,40047.15
240,7,2025-09-30,2025-10-30,6818.45
241,66,2026-07-08,2026-08-07,28200.36
242,75,2025-09-11,2025-10-26,137600.89
243,50,2025-09-25,2025-10-25,34027.7
244,60,2025-11-28,2025-12-28,12379.82
245,71,2026-08-31,2026-09-30,20802.62
246,47,2026-01-14,2026-02-28,18786.35
247,57,2026-07-20,2026-09-03,4656.8
248,22,2026-08-24,2026-09-23,73128.15
249,22,2025-11-25,2025-12-25,86164.22
250,18,2026-01-05,2026-02-04,87711.5
251,74,2026-06-07,2026-07-22,97822.77
252,62,2026-01-27,2026-02-26,106140.93
253,12,2026-01-22,2026-02-21,5798.0
254,29,2026-02-21,2026-03-23,13045.2
255,3,2026-01-16,2026-03-17,38722.78
256,53,2026-08-13,2026-09-12,19406.18
257,26,2026-05-31,2026-07-15,118996.08
258,52,2026-01-03,2026-02-02,78375.76
259,78,2026-03-20,2026-05-04,114028.12
260,41,2026-05-24,2026-06-23,46647.92
261,13,2026-03-22,2026-04-21,88444.98
262,40,2026-03-26,2026-05-25,43829.9
263,51,2026-05-31,2026-07-15,15616.16
264,2,2026-03-22,2026-04-21,23477.82
265,36,2025-12-11,2026-02-09,43056.24
266,14,2026-06-15,2026-07-30,25570.8
267,26,2026-01-24,2026-03-10,25393.17
268,66,2026-06-29,2026-07-29,1862.72
269,11,2026-04-17,2026-06-01,59224.44
270,73,2026-04-28,2026-05-28,16579.2
271,50,2025-10-16,2025-11-15,15025.35
272,71,2026-01-08,2026-02-07,27418.27
273,35,2026-08-25,2026-09-24,52006.85
274,29,2025-09-27,2025-10-27,49262.72
275,38,2026-08-29,2026-10-13,135852.7
276,33,2026-08-14,2026-09-13,88876.85
277,75,2025-12-30,2026-02-13,60831.91
278,6,2026-05-03,2026-06-17,78719.16
279,18,2025-09-28,2025-10-28,12063.57
280,31,2025-10-26,2025-11-25,71491.01
281,79,2025-10-19,2025-12-03,84735.31
282,77,2026-07-22,2026-08-21,1481.35
283,5,2026-08-16,2026-09-15,36111.65
284,40,2025-12-16,2026-02-14,69405.19
285,47,2025-11-30,2026-01-14,10204.14
286,63,2026-02-02,2026-03-19,75972.27
287,43,2025-11-28,2026-01-12,78970.36
288,2,2026-05-26,2026-06-25,83187.2
289,76,2025-09-04,2025-10-19,2045.94
290,20,2026-02-27,2026-04-28,27157.86
291,24,2026-07-10,2026-08-09,71349.06
292,73,2026-05-05,2026-06-04,43715.68
293,35,2025-10-04,2025-11-03,5424.3
294,55,2026-07-03,2026-08-02,83130.57
295,52,2026-06-07,2026-07-07,49881.56
296,45,2026-05-31,2026-07-15,103393.18
297,47,2025-10-02,2025-11-16,64385.85
298,51,2025-10-24,2025-12-08,26470.95
299,29,2026-07-13,2026-08-12,69330.74
300,68,2025-10-25,2025-12-24,29770.24
301,50,2026-08-30,2026-09-29,41502.64
302,14,2026-01-08,2026-02-22,68531.04
303,28,2026-01-01,2026-01-31,35972.42
304,58,2026-01-22,2026-02-21,50082.85
305,33,2026-08-31,2026-09-30,56786.79
306,72,2026-03-02,2026-05-01,16824.12
307,51,2025-11-30,2026-01-14,9403.68
308,1,2025-11-07,2025-12-07,21011.76
309,68,2026-02-03,2026-04-04,114051.62
310,29,2025-11-19,2025-12-19,44922.93
311,35,2026-06-06,2026-07-06,70339.82
312,18,2025-10-17,2025-11-16,6220.38
313,44,2026-08-31,2026-10-15,57295.73
314,55,2026-05-24,2026-06-23,91151.84
315,36,2026-05-11,2026-07-10,84355.86
316,19,2026-03-08,2026-04-07,82547.4
317,49,2026-08-04,2026-09-03,108979.73
318,21,2026-04-15,2026-05-15,79614.75
319,53,2026-02-28,2026-03-30,1394.9
320,80,2026-03-15,2026-04-29,54943.77
321,70,2025-11-24,2025-12-24,15366.96
322,1,2026-05-08,2026-06-07,17982.87
323,1,2026-07-12,2026-08-11,68941.32
324,27,2026-08-12,2026-09-11,22450.88
325,19,2025-09-16,2025-10-16,50467.82
326,52,2026-02-11,2026-03-13,53942.83
327,79,2025-09-19,2025-11-03,58625.0
328,70,2026-06-04,2026-07-04,66715.53
329,63,2026-04-15,2026-05-30,58822.76
330,67,2026-06-22,2026-08-06,38669.03
331,2,2025-10-07,2025-11-06,38891.13
332,37,2026-03-04,2026-04-03,14147.87
333,53,2026-06-04,2026-07-04,166209.74
334,73,2026-05-15,2026-06-14,46920.35
335,39,2026-06-18,2026-08-02,87308.63
336,31,2026-04-28,2026-05-28,58339.38
337,19,2025-12-06,2026-01-05,26343.37
338,42,2026-02-28,2026-03-30,46934.96
339,51,2026-01-15,2026-03-01,23576.86
340,68,2025-12-04,2026-02-02,57837.88
341,34,2025-11-25,2025-12-25,28628.71
342,54,2025-12-28,2026-02-11,83368.08
343,58,2025-10-27,2025-11-26,110929.27
344,15,2026-01-12,2026-02-11,103551.08
345,29,2025-10-18,2025-11-17,29082.23
346,57,2026-07-12,2026-08-26,26880.48
347,6,2026-08-13,2026-09-27,91236.72
348,46,2025-11-26,2025-12-26,3814.32
349,71,2025-12-03,2026-01-02,85011.89
350,27,2026-03-14,2026-04-13,63752.7
351,1,2026-08-06,2026-09-05,36056.81
352,73,2025-12-24,2026-01-23,146362.46
353,22,2026-05-08,2026-06-07,108014.52
354,22,2025-12-15,2026-01-14,85432.41
355,53,2025-11-18,2025-12-18,62519.4
356,66,2026-02-25,2026-03-27,40605.54
357,70,2026-08-01,2026-08-31,67766.67
358,65,2026-03-16,2026-04-15,66034.42
359,55,2025-10-11,2025-11-10,56588.02
360,44,2025-11-23,2026-01-07,5066.3
361,37,2026-06-05,2026-07-05,26599.61
362,38,2026-08-14,2026-09-28,58027.69
363,68,2026-05-07,2026-07-06,23502.18
364,5,2025-11-30,2025-12-30,23994.47
365,23,2026-05-04,2026-06-18,63922.98
366,60,2026-03-25,2026-04-24,83220.84
367,42,2026-01-16,2026-02-15,69443.62
368,24,2026-01-25,2026-02-24,101515.69
369,42,2025-11-30,2025-12-30,58561.68
370,48,2025-11-27,2026-01-11,6370.35
371,6,2026-04-21,2026-06-05,116283.04
372,67,2025-10-13,2025-11-27,163419.76
373,16,2026-07-18,2026-09-01,27203.05
374,29,2026-06-10,2026-07-10,40651.08
375,74,2026-01-14,2026-02-28,29631.83
376,58,2026-08-03,2026-09-02,126789.0
377,3,2025-09-28,2025-11-27,113293.99
378,22,2025-10-14,2025-11-13,52754.02
379,65,2025-12-16,2026-01-15,13154.44
380,31,2026-03-12,2026-04-11,100837.95
381,5,2026-08-30,2026-09-29,102434.45
382,38,2026-05-22,2026-07-06,68767.34
383,20,2026-01-06,2026-03-07,110686.88
384,65,2025-09-02,2025-10-02,5939.8
385,64,2026-01-24,2026-02-23,30517.86
386,68,2026-01-03,2026-03-04,90995.7
387,30,2026-03-08,2026-04-22,140743.19
388,68,2026-06-25,2026-08-24,21221.04
389,7,2025-09-04,2025-10-04,9429.03
390,61,2026-07-17,2026-08-16,14709.16
391,52,2026-02-14,2026-03-16,56661.71
392,31,2026-03-26,2026-04-25,47752.47
393,17,2025-11-29,2026-01-28,96212.71
394,78,2026-05-24,2026-07-08,49845.18
395,19,2026-04-17,2026-05-17,116803.4
396,7,2026-08-30,2026-09-29,2843.88
397,23,2026-04-07,2026-05-22,30753.8
398,66,2026-02-02,2026-03-04,55969.75
399,54,2025-11-27,2026-01-11,86411.63
400,76,2025-12-24,2026-02-07,19345.7
401,43,2025-12-04,2026-01-18,29443.04
402,11,2025-09-10,2025-10-25,56755.11
403,29,2026-03-24,2026-04-23,94922.62
404,35,2026-03-30,2026-04-29,73491.79
405,61,2026-08-30,2026-09-29,6911.6
406,28,2026-06-20,2026-07-20,160784.57
407,58,2025-09-03,2025-10-03,22253.44
408,7,2026-05-29,2026-06-28,93420.73
409,17,2026-03-09,2026-05-08,77500.78
410,66,2026-01-15,2026-02-14,46550.4
411,22,2025-11-06,2025-12-06,33665.64
412,28,2025-09-04,2025-10-04,24763.7
413,57,2025-09-29,2025-11-13,87675.64
414,2,2026-02-04,2026-03-06,83105.17
415,61,2025-10-01,2025-10-31,56510.58
416,75,2025-09-22,2025-11-06,4794.79
417,45,2025-12-13,2026-01-27,12336.64
418,21,2026-08-04,2026-09-03,78694.27
419,56,2026-02-19,2026-04-05,11213.54
420,60,2026-01-02,2026-02-01,37210.97
421,67,2025-09-22,2025-11-06,40821.11
422,36,2026-08-27,2026-10-26,36320.07
423,41,2026-01-06,2026-02-05,60070.57
424,19,2026-08-12,2026-09-11,49270.92
425,48,2026-04-05,2026-05-20,6406.4
426,7,2026-02-07,2026-03-09,82202.64
427,75,2025-09-09,2025-10-24,123683.84
428,11,2025-12-11,2026-01-25,50268.13
429,61,2026-03-11,2026-04-10,68905.88
430,4,2026-03-21,2026-04-20,10500.7
431,56,2026-08-21,2026-10-05,86457.59
432,6,2026-02-23,2026-04-09,33520.38
433,62,2026-07-06,2026-08-05,59302.77
434,30,2026-02-07,2026-03-24,19711.9
435,59,2026-08-27,2026-09-26,122220.12
436,43,2026-02-16,2026-04-02,23420.0
437,61,2026-07-20,2026-08-19,16947.5
438,56,2026-05-11,2026-06-25,11942.28
439,58,2025-12-03,2026-01-02,47195.93
440,59,2026-04-21,2026-05-21,45067.32
441,77,2026-04-24,2026-05-24,3644.96
442,65,2026-02-10,2026-03-12,18663.89
443,60,2026-07-11,2026-08-10,12170.52
444,53,2026-04-10,2026-05-10,39136.86
445,11,2026-01-07,2026-02-21,123231.19
446,80,2025-09-09,2025-10-24,75491.67
447,49,2026-07-02,2026-08-01,59322.67
448,42,2026-07-21,2026-08-20,82853.58
449,62,2026-03-31,2026-04-30,21550.89
450,66,2025-11-27,2025-12-27,74650.56
451,20,2026-08-30,2026-10-29,67863.91
452,17,2026-07-30,2026-09-28,189802.71
453,44,2026-01-25,2026-03-11,87756.28
454,16,2025-11-20,2026-01-04,24251.26
455,58,2026-06-03,2026-07-03,50535.54
456,21,2026-05-29,2026-06-28,21822.76
457,53,2026-05-06,2026-06-05,58823.8
458,10,2026-08-19,2026-09-18,3518.14
459,6,2026-01-27,2026-03-13,61355.92
460,17,2025-10-24,2025-12-23,71473.56
461,12,2026-01-04,2026-02-03,19862.91
462,42,2026-04-20,2026-05-20,15926.37
463,60,2025-09-01,2025-10-01,161731.37
464,33,2025-10-02,2025-11-01,131864.95
465,36,2025-09-14,2025-11-13,88386.94
466,23,2026-06-11,2026-07-26,76485.45
467,3,2026-07-05,2026-09-03,89068.39
468,73,2026-02-02,2026-03-04,69630.89
469,67,2026-05-29,2026-07-13,52175.93
470,62,2026-03-08,2026-04-07,63489.92
471,46,2026-05-03,2026-06-02,26156.65
472,9,2025-12-23,2026-02-06,99399.48
473,22,2026-05-12,2026-06-11,42664.86
474,78,2026-01-07,2026-02-21,67543.92
475,50,2026-04-22,2026-05-22,4318.92
476,54,2026-01-10,2026-02-24,94164.95
477,53,2025-09-27,2025-10-27,26463.36
478,33,2026-02-06,2026-03-08,54735.88
479,41,2025-10-21,2025-11-20,44383.74
480,21,2025-12-16,2026-01-15,78702.65
481,26,2026-03-10,2026-04-24,77362.45
482,10,2025-11-27,2025-12-27,22852.68
483,64,2026-02-05,2026-03-07,73985.34
484,23,2026-08-25,2026-10-09,88861.3
485,67,2026-03-01,2026-04-15,29011.91
486,10,2026-05-09,2026-06-08,5594.85
487,1,2026-07-12,2026-08-11,60286.78
488,28,2025-12-15,2026-01-14,6197.3
489,77,2025-11-05,2025-12-05,14344.75
490,39,2026-08-28,2026-10-12,26848.72
491,78,2025-10-29,2025-12-13,40463.28
492,58,2026-02-09,2026-03-11,64959.79
493,38,2025-11-20,2026-01-04,49839.6
494,65,2026-02-15,2026-03-17,24234.08
495,2,2026-03-05,2026-04-04,42214.5
496,70,2025-11-23,2025-12-23,63739.22
497,18,2026-02-04,2026-03-06,85943.3
498,52,2026-07-23,2026-08-22,63753.67
499,54,2026-05-14,2026-06-28,58349.45
500,18,2026-03-17,2026-04-16,46639.98
501,22,2026-07-02,2026-08-01,79505.24
502,47,2026-05-20,2026-07-04,65330.36
503,76,2025-09-07,2025-10-22,6359.1
504,75,2025-12-11,2026-01-25,29914.8
505,73,2025-11-09,2025-12-09,7875.36
506,28,2026-08-20,2026-09-19,121071.34
507,42,2025-09-22,2025-10-22,25234.38
508,39,2026-04-28,2026-06-12,46147.91
509,19,2026-03-28,2026-04-27,40419.56
510,20,2026-06-25,2026-08-24,73983.73
511,68,2025-11-23,2026-01-22,57114.64
512,27,2025-10-02,2025-11-01,23741.52
513,65,2026-06-15,2026-07-15,106714.64
514,46,2026-05-20,2026-06-19,49179.96
515,64,2026-01-12,2026-02-11,70891.76
516,64,2025-12-17,2026-01-16,5436.6
517,57,2026-02-04,2026-03-21,31606.88
518,50,2026-08-13,2026-09-12,34799.82
519,1,2026-07-30,2026-08-29,65193.44
520,3,2026-02-12,2026-04-13,46637.0
521,4,2026-02-12,2026-03-14,33297.96
522,27,2026-08-28,2026-09-27,12667.6
523,37,2025-12-24,2026-01-23,56720.96
524,23,2026-04-22,2026-06-06,82221.84
525,27,2026-08-15,2026-09-14,55640.6
526,2,2026-08-12,2026-09-11,14927.12
527,10,2025-12-13,2026-01-12,90427.14
528,44,2025-12-05,2026-01-19,91200.33
529,27,2026-02-17,2026-03-19,1462.86
530,37,2025-10-30,2025-11-29,37331.87
531,75,2025-11-27,2026-01-11,72468.43
532,49,2026-01-09,2026-02-08,66037.56
533,29,2025-09-13,2025-10-13,130341.08
534,77,2026-01-17,2026-02-16,3643.74
535,8,2026-07-10,2026-08-09,42525.34
536,60,2026-03-16,2026-04-15,95770.37
537,65,2026-04-14,2026-05-14,34864.28
538,77,2025-12-28,2026-01-27,23487.2
539,54,2026-06-15,2026-07-30,4299.08
540,25,2026-05-27,2026-07-11,6088.5
541,7,2026-05-31,2026-06-30,46310.3
542,22,2025-11-05,2025-12-05,88272.08
543,15,2026-04-01,2026-05-01,130949.16
544,3,2026-07-23,2026-09-21,61642.98
545,55,2026-08-16,2026-09-15,20514.57
546,8,2026-05-09,2026-06-08,67803.8
547,48,2026-08-31,2026-10-15,93183.4
548,65,2026-05-23,2026-06-22,18055.66
549,76,2025-11-15,2025-12-30,109985.52
550,52,2025-11-10,2025-12-10,91214.0
551,77,2025-11-27,2025-12-27,65586.41
552,38,2026-06-04,2026-07-19,56398.39
553,22,2025-11-05,2025-12-05,13139.9
554,57,2025-11-10,2025-12-25,20159.04
555,13,2026-05-16,2026-06-15,4255.74
556,36,2026-07-09,2026-09-07,20757.6
557,54,2025-09-12,2025-10-27,33146.34
558,47,2026-05-09,2026-06-23,85538.04
559,47,2026-07-09,2026-08-23,5772.0
560,70,2025-12-08,2026-01-07,25802.18
561,72,2026-02-26,2026-04-27,43721.27
562,80,2026-03-17,2026-05-01,18718.0
563,38,2026-07-24,2026-09-07,67698.79
564,48,2026-05-25,2026-07-09,30368.84
565,67,2026-05-05,2026-06-19,72215.89
566,22,2026-02-09,2026-03-11,32304.4
567,22,2026-08-07,2026-09-06,8582.4
568,62,2026-01-25,2026-02-24,31387.98
569,1,2026-01-13,2026-02-12,67349.69
570,63,2026-08-29,2026-10-13,59135.84
571,80,2026-07-16,2026-08-30,21045.22
572,42,2026-05-11,2026-06-10,72988.96
573,67,2026-03-03,2026-04-17,74026.26
574,2,2025-12-12,2026-01-11,33679.32
575,61,2026-06-28,2026-07-28,31814.7
576,61,2026-03-07,2026-04-06,100614.2
577,10,2026-02-08,2026-03-10,8129.28
578,36,2025-09-28,2025-11-27,54110.17
579,57,2025-12-12,2026-01-26,89740.93
580,16,2025-12-25,2026-02-08,135695.4
581,13,2026-04-12,2026-05-12,81936.51
582,34,2025-10-27,2025-11-26,75900.47
583,22,2026-07-05,2026-08-04,113647.25
584,19,2026-05-18,2026-06-17,114755.75
585,18,2026-04-15,2026-05-15,88514.98
586,48,2026-01-23,2026-03-09,35219.52
587,10,2026-06-18,2026-07-18,54691.22
588,27,2025-10-12,2025-11-11,16653.61
589,14,2026-04-17,2026-06-01,38462.1
590,12,2026-03-07,2026-04-06,39889.32
591,76,2025-11-03,2025-12-18,22087.04
592,9,2026-01-23,2026-03-09,25322.88
593,35,2026-08-20,2026-09-19,47498.83
594,14,2026-04-29,2026-06-13,103019.99
595,24,2026-03-19,2026-04-18,47127.92
596,67,2025-11-04,2025-12-19,65379.17
597,46,2026-01-06,2026-02-05,23737.19
598,26,2025-10-22,2025-12-06,19498.2
599,46,2026-04-20,2026-05-20,73738.29
600,71,2026-04-30,2026-05-30,50129.51
601,29,2026-03-13,2026-04-12,93170.75
602,5,2026-05-02,2026-06-01,55926.58
603,30,2026-03-19,2026-05-03,3506.76
604,12,2025-11-25,2025-12-25,79852.32
605,61,2026-03-03,2026-04-02,106190.22
606,14,2026-06-10,2026-07-25,13014.38
607,31,2025-09-18,2025-10-18,46435.77
608,43,2026-07-16,2026-08-30,73066.21
609,76,2025-11-19,2026-01-03,6679.17
610,62,2026-05-15,2026-06-14,29334.42
611,52,2026-04-12,2026-05-12,64963.74
612,67,2026-08-08,2026-09-22,84569.26
613,45,2025-09-27,2025-11-11,62564.95
614,23,2026-08-24,2026-10-08,26085.84
615,5,2026-02-19,2026-03-21,13910.4
616,58,2025-11-22,2025-12-22,55017.91
617,40,2025-10-03,2025-12-02,12031.7
618,12,2026-01-03,2026-02-02,16509.15
619,17,2026-03-01,2026-04-30,18861.9
620,15,2026-01-31,2026-03-02,67002.16
621,43,2025-09-06,2025-10-21,29979.15
622,67,2026-05-13,2026-06-27,65682.4
623,75,2026-05-10,2026-06-24,65830.62
624,14,2025-12-02,2026-01-16,9502.81
625,59,2025-10-30,2025-11-29,82472.94
626,35,2025-09-15,2025-10-15,18234.82
627,30,2026-06-21,2026-08-05,36259.1
628,69,2026-02-06,2026-03-23,46706.37
629,13,2025-12-23,2026-01-22,33476.67
630,21,2026-03-12,2026-04-11,22946.12
631,38,2026-07-28,2026-09-11,121788.67
632,56,2026-01-22,2026-03-08,7434.31
633,70,2026-03-02,2026-04-01,26254.8
634,68,2026-06-02,2026-08-01,160580.67
635,24,2026-08-11,2026-09-10,47596.86
636,73,2025-10-20,2025-11-19,26766.48
637,27,2025-10-04,2025-11-03,58560.64
638,8,2026-03-11,2026-04-10,118563.16
639,77,2025-12-12,2026-01-11,10336.65
640,64,2026-01-30,2026-03-01,45652.92
641,57,2026-06-15,2026-07-30,66754.07
642,5,2025-12-30,2026-01-29,43323.85
643,19,2026-01-19,2026-02-18,5745.52
644,52,2025-11-26,2025-12-26,31407.74
645,78,2026-05-26,2026-07-10,17607.26
646,45,2025-11-01,2025-12-16,134884.99
647,37,2025-09-24,2025-10-24,54294.0
648,15,2026-06-07,2026-07-07,60619.74
649,58,2026-04-10,2026-05-10,103760.08
650,27,2026-03-28,2026-04-27,94965.13
651,8,2025-09-15,2025-10-15,24047.45
652,48,2026-02-25,2026-04-11,109699.57
653,26,2025-11-27,2026-01-11,28651.84
654,78,2026-08-18,2026-10-02,33847.8
655,9,2026-03-14,2026-04-28,8660.2
656,76,2026-02-20,2026-04-06,106702.36
657,15,2025-09-20,2025-10-20,22095.29
658,12,2026-06-04,2026-07-04,102872.25
659,33,2026-05-06,2026-06-05,40929.49
660,4,2025-12-09,2026-01-08,14563.56
661,5,2026-08-30,2026-09-29,25473.45
662,16,2025-11-24,2026-01-08,56925.48
663,53,2025-11-22,2025-12-22,2818.4
664,45,2026-08-23,2026-10-07,42780.47
665,68,2026-05-16,2026-07-15,70248.01
666,19,2026-06-16,2026-07-16,26947.4
667,13,2026-05-24,2026-06-23,5717.34
668,3,2026-06-15,2026-08-14,13950.93
669,5,2026-08-16,2026-09-15,29750.64
670,15,2026-05-14,2026-06-13,50583.16
671,33,2026-05-28,2026-06-27,10074.25
672,41,2025-09-05,2025-10-05,25630.37
673,34,2026-06-19,2026-07-19,25035.87
674,17,2026-07-30,2026-09-28,32317.49
675,41,2026-07-11,2026-08-10,25569.0
676,58,2026-01-19,2026-02-18,42551.52
677,7,2026-08-15,2026-09-14,74592.82
678,44,2026-08-10,2026-09-24,13170.24
679,37,2026-01-24,2026-02-23,50762.42
680,44,2025-12-12,2026-01-26,31278.78
681,37,2026-02-23,2026-03-25,19710.88
682,15,2025-11-17,2025-12-17,41988.06
683,3,2025-09-03,2025-11-02,36326.44
684,66,2025-11-09,2025-12-09,7125.8
685,60,2025-12-18,2026-01-17,125897.5
686,63,2026-01-05,2026-02-19,100885.03
687,17,2026-05-31,2026-07-30,119422.51
688,74,2025-10-21,2025-12-05,48505.31
689,30,2025-10-27,2025-12-11,35185.56
690,37,2025-10-13,2025-11-12,25871.69
691,44,2025-10-12,2025-11-26,2438.1
692,66,2025-09-29,2025-10-29,47772.69
693,41,2025-11-25,2025-12-25,114201.68
694,60,2026-08-27,2026-09-26,130730.21
695,70,2026-04-14,2026-05-14,54256.94
696,13,2026-03-02,2026-04-01,12952.8
697,56,2026-03-17,2026-05-01,4690.33
698,24,2026-02-18,2026-03-20,64744.09
699,3,2026-07-13,2026-09-11,24839.37
700,64,2026-02-16,2026-03-18,26502.15
701,29,2026-04-07,2026-05-07,2182.47
702,16,2026-07-31,2026-09-14,36216.9
703,4,2025-11-23,2025-12-23,13035.41
704,71,2026-02-02,2026-03-04,32128.46
705,54,2025-11-20,2026-01-04,65781.4
706,20,2026-03-15,2026-05-14,91462.15
707,79,2026-06-25,2026-08-09,9137.26
708,73,2026-03-01,2026-03-31,83007.9
709,57,2026-01-06,2026-02-20,42539.52
710,67,2026-04-21,2026-06-05,2707.85
711,56,2025-11-06,2025-12-21,82412.49
712,64,2026-06-30,2026-07-30,18839.25
713,67,2026-08-11,2026-09-25,30466.85
714,15,2026-08-28,2026-09-27,64946.52
715,75,2025-12-17,2026-01-31,36984.75
716,70,2025-10-29,2025-11-28,78873.15
717,21,2026-05-28,2026-06-27,43975.14
718,78,2026-04-14,2026-05-29,63779.7
719,27,2025-10-10,2025-11-09,61088.7
720,77,2026-05-23,2026-06-22,21505.77
721,66,2026-07-22,2026-08-21,62458.82
722,77,2026-03-11,2026-04-10,125021.16
723,16,2026-07-13,2026-08-27,62013.39
724,1,2025-10-03,2025-11-02,95614.56
725,66,2026-05-19,2026-06-18,36597.87
726,66,2026-03-23,2026-04-22,3319.8
727,4,2026-07-05,2026-08-04,52780.14
728,66,2025-12-12,2026-01-11,6186.9
729,4,2026-07-28,2026-08-27,50422.48
730,77,2026-02-08,2026-03-10,14849.34
731,45,2026-05-30,2026-07-14,133076.79
732,1,2026-05-17,2026-06-16,28671.72
733,57,2026-05-19,2026-07-03,48933.48
734,67,2026-04-20,2026-06-04,26593.54
735,15,2025-12-29,2026-01-28,71980.32
736,67,2025-09-19,2025-11-03,60984.96
737,14,2025-12-16,2026-01-30,31978.75
738,10,2025-09-18,2025-10-18,54003.76
739,43,2026-01-18,2026-03-04,6717.87
740,8,2025-10-13,2025-11-12,36187.2
741,1,2026-04-19,2026-05-19,26932.08
742,45,2025-11-26,2026-01-10,76401.66
743,75,2026-07-03,2026-08-17,38798.18
744,73,2026-02-15,2026-03-17,66651.97
745,43,2026-03-03,2026-04-17,73699.57
746,11,2025-09-28,2025-11-12,66391.16
747,41,2025-12-08,2026-01-07,47378.04
748,65,2025-11-26,2025-12-26,65289.63
749,40,2025-09-15,2025-11-14,46315.9
750,52,2026-01-14,2026-02-13,55556.42
751,67,2025-09-15,2025-10-30,60051.23
752,45,2026-03-12,2026-04-26,37083.16
753,9,2026-06-18,2026-08-02,136383.58
754,70,2025-10-28,2025-11-27,81602.24
755,80,2025-11-15,2025-12-30,93776.27
756,45,2026-08-19,2026-10-03,2161.12
757,19,2026-06-04,2026-07-04,71681.28
758,3,2026-08-17,2026-10-16,34277.36
759,44,2026-02-18,2026-04-04,47491.92
760,13,2025-11-02,2025-12-02,65736.0
761,26,2026-02-17,2026-04-03,50545.84
762,20,2026-03-30,2026-05-29,16516.71
763,64,2026-02-09,2026-03-11,38426.4
764,23,2026-01-23,2026-03-09,96739.45
765,31,2026-07-18,2026-08-17,3941.93
766,70,2026-08-21,2026-09-20,29345.58
767,51,2026-03-05,2026-04-19,70234.78
768,6,2026-04-13,2026-05-28,27561.78
769,17,2026-05-04,2026-07-03,13862.34
770,65,2025-09-06,2025-10-06,49322.04
771,44,2026-07-03,2026-08-17,34565.96
772,61,2026-06-03,2026-07-03,53464.88
773,16,2026-08-13,2026-09-27,155277.22
774,68,2026-08-01,2026-09-30,48160.86
775,67,2025-12-26,2026-02-09,91952.44
776,7,2025-12-11,2026-01-10,10895.28
777,60,2026-05-04,2026-06-03,13762.88
778,23,2025-09-02,2025-10-17,14911.72
779,68,2026-01-20,2026-03-21,66980.99
780,20,2025-11-08,2026-01-07,42718.78
781,77,2026-04-27,2026-05-27,13007.52
782,72,2026-08-23,2026-10-22,19674.66
783,36,2026-03-21,2026-05-20,7475.94
784,68,2025-11-17,2026-01-16,17593.6
785,26,2026-08-04,2026-09-18,64097.59
786,35,2026-05-05,2026-06-04,82344.25
787,53,2026-04-14,2026-05-14,6795.03
788,20,2026-03-28,2026-05-27,64119.17
789,10,2025-09-28,2025-10-28,65486.1
790,70,2025-10-08,2025-11-07,6338.67
791,3,2026-08-17,2026-10-16,46905.8
792,46,2026-02-08,2026-03-10,85113.76
793,67,2026-08-22,2026-10-06,36926.77
794,80,2025-10-24,2025-12-08,108333.79
795,4,2025-10-30,2025-11-29,123247.34
796,40,2026-04-27,2026-06-26,11628.0
797,39,2026-05-03,2026-06-17,39848.04
798,17,2025-10-24,2025-12-23,87478.35
799,29,2026-04-17,2026-05-17,6502.5
800,4,2026-01-27,2026-02-26,31789.2
801,74,2026-06-08,2026-07-23,34646.3
802,73,2026-07-04,2026-08-03,13374.72
803,75,2026-01-21,2026-03-07,27217.64
804,65,2026-07-31,2026-08-30,57096.62
805,17,2025-09-13,2025-11-12,49962.37
806,64,2026-04-30,2026-05-30,127360.34
807,47,2026-05-13,2026-06-27,19471.32
808,18,2026-08-19,2026-09-18,27076.21
809,71,2025-09-21,2025-10-21,92179.18
810,26,2026-04-23,2026-06-07,84279.5
811,24,2025-10-31,2025-11-30,71809.16
812,33,2025-09-24,2025-10-24,81316.2
813,29,2026-04-05,2026-05-05,93652.31
814,46,2025-10-05,2025-11-04,7803.3
815,76,2026-06-06,2026-07-21,10012.12
816,26,2026-03-15,2026-04-29,71219.29
817,41,2025-10-25,2025-11-24,26397.47
818,25,2025-12-11,2026-01-25,68819.92
819,15,2026-01-06,2026-02-05,42400.26
820,34,2026-01-30,2026-03-01,78404.65
821,51,2026-04-06,2026-05-21,21160.92
822,72,2026-07-14,2026-09-12,26357.38
823,27,2025-12-31,2026-01-30,45582.53
824,4,2026-04-05,2026-05-05,113175.93
825,76,2025-09-08,2025-10-23,65697.69
826,20,2025-11-09,2026-01-08,30226.12
827,48,2026-05-03,2026-06-17,16292.64
828,53,2025-12-09,2026-01-08,102919.17
829,63,2026-03-09,2026-04-23,115779.53
830,17,2026-04-14,2026-06-13,72573.14
831,79,2026-08-26,2026-10-10,24656.15
832,32,2026-05-17,2026-06-16,18608.55
833,66,2025-09-16,2025-10-16,15562.48
834,50,2026-01-12,2026-02-11,80503.83
835,13,2026-01-27,2026-02-26,45026.91
836,27,2026-01-09,2026-02-08,31990.69
837,26,2025-12-19,2026-02-02,79759.98
838,53,2026-07-24,2026-08-23,61201.96
839,34,2026-06-07,2026-07-07,14514.72
840,74,2025-12-30,2026-02-13,31153.97
841,57,2026-02-21,2026-04-07,60977.0
842,12,2026-04-05,2026-05-05,29380.75
843,65,2025-12-25,2026-01-24,64935.86
844,9,2026-02-03,2026-03-20,9414.6
845,45,2026-06-20,2026-08-04,74290.65
846,44,2026-07-14,2026-08-28,38527.38
847,48,2026-01-31,2026-03-17,71715.88
848,19,2026-03-23,2026-04-22,152082.69
849,54,2026-03-29,2026-05-13,53956.8
850,76,2026-02-08,2026-03-25,48933.29
851,73,2026-08-23,2026-09-22,14353.17
852,36,2026-06-22,2026-08-21,12740.86
853,15,2026-03-25,2026-04-24,113281.26
854,9,2026-08-27,2026-10-11,83776.86
855,9,2026-04-30,2026-06-14,82245.0
856,46,2026-03-21,2026-04-20,21588.0
857,31,2026-05-31,2026-06-30,6890.73
858,55,2025-11-03,2025-12-03,7349.37
859,70,2026-06-16,2026-07-16,54341.99
860,58,2026-04-01,2026-05-01,94498.48
861,15,2026-06-22,2026-07-22,14348.77
862,40,2025-12-16,2026-02-14,91401.53
863,10,2026-05-13,2026-06-12,44606.64
864,1,2026-08-14,2026-09-13,12664.35
865,72,2026-07-18,2026-09-16,108813.31
866,24,2025-09-03,2025-10-03,104182.96
867,64,2026-04-28,2026-05-28,61276.51
868,48,2026-02-01,2026-03-18,46104.15
869,50,2025-12-18,2026-01-17,16650.12
870,3,2026-06-18,2026-08-17,61525.99
871,70,2026-06-02,2026-07-02,4242.15
872,64,2026-02-25,2026-03-27,30950.64
873,25,2026-08-23,2026-10-07,90500.1
874,56,2026-02-10,2026-03-27,2645.5
875,41,2026-08-08,2026-09-07,90573.89
876,59,2026-05-25,2026-06-24,50232.16
877,33,2026-02-01,2026-03-03,101222.53
878,75,2026-05-24,2026-07-08,103060.08
879,12,2026-02-03,2026-03-05,65103.75
880,1,2026-08-05,2026-09-04,105023.42
881,68,2026-01-25,2026-03-26,30995.3
882,69,2026-02-11,2026-03-28,80176.98
883,59,2026-05-03,2026-06-02,64085.88
884,75,2026-08-28,2026-10-12,50988.82
885,30,2025-12-29,2026-02-12,61034.38
886,33,2026-06-01,2026-07-01,28332.43
887,40,2026-07-02,2026-08-31,24941.76
888,22,2026-03-02,2026-04-01,39574.04
889,25,2025-09-08,2025-10-23,6506.76
890,4,2026-05-19,2026-06-18,68156.76
891,12,2025-11-11,2025-12-11,34607.04
892,4,2026-06-13,2026-07-13,56307.56
893,23,2026-05-22,2026-07-06,105566.55
894,70,2026-02-11,2026-03-13,51694.4
895,58,2025-11-13,2025-12-13,26707.58
896,35,2026-02-02,2026-03-04,76315.57
897,58,2026-05-01,2026-05-31,48261.31
898,6,2026-01-03,2026-02-17,71079.36
899,7,2026-08-27,2026-09-26,35579.28
900,21,2026-05-29,2026-06-28,3032.24
901,15,2026-08-06,2026-09-05,59740.51
902,66,2025-10-08,2025-11-07,22986.88
903,67,2026-03-29,2026-05-13,108001.33
904,12,2026-08-30,2026-09-29,42955.12
905,49,2026-06-22,2026-07-22,13327.46
906,79,2026-06-26,2026-08-10,38918.61
907,62,2025-11-21,2025-12-21,76559.98
908,33,2026-02-10,2026-03-12,126010.2
909,61,2025-10-21,2025-11-20,32939.27
910,13,2026-06-21,2026-07-21,29974.77
911,13,2025-11-30,2025-12-30,27520.13
912,59,2025-11-11,2025-12-11,32229.12
913,28,2026-02-27,2026-03-29,33556.5
914,77,2025-12-05,2026-01-04,120917.07
915,24,2025-09-09,2025-10-09,3373.11
916,30,2026-02-19,2026-04-05,117085.55
917,4,2025-09-08,2025-10-08,46974.39
918,13,2025-11-11,2025-12-11,30896.24
919,76,2026-01-07,2026-02-21,49177.84
920,1,2025-09-25,2025-10-25,10353.56
921,44,2026-07-24,2026-09-07,12532.32
922,49,2025-09-10,2025-10-10,27217.2
923,24,2026-04-16,2026-05-16,114155.44
924,34,2026-03-03,2026-04-02,13943.68
925,39,2026-04-28,2026-06-12,81618.72
926,42,2026-06-24,2026-07-24,51852.71
927,7,2026-01-31,2026-03-02,80774.57
928,23,2025-09-30,2025-11-14,113434.72
929,21,2026-02-16,2026-03-18,82897.51
930,43,2026-04-27,2026-06-11,59807.52
931,60,2025-10-19,2025-11-18,28311.48
932,24,2026-08-12,2026-09-11,66501.08
933,67,2026-07-29,2026-09-12,15142.71
934,28,2026-06-25,2026-07-25,18548.41
935,66,2025-12-30,2026-01-29,49063.15
936,4,2025-11-02,2025-12-02,64439.5
937,36,2026-08-17,2026-10-16,91220.09
938,57,2025-09-26,2025-11-10,29670.74
939,57,2026-01-01,2026-02-15,76554.33
940,19,2026-02-03,2026-03-05,64490.78
941,31,2025-09-01,2025-10-01,70508.53
942,42,2025-11-05,2025-12-05,23590.78
943,60,2026-08-13,2026-09-12,20632.76
944,30,2026-02-17,2026-04-03,46434.56
945,48,2025-09-08,2025-10-23,81892.5
946,73,2026-05-24,2026-06-23,40269.12
947,30,2026-07-05,2026-08-19,72266.22
948,41,2025-09-11,2025-10-11,61121.4
949,32,2025-09-04,2025-10-04,24203.76
950,59,2026-02-05,2026-03-07,18827.16
951,48,2025-10-07,2025-11-21,46908.68
952,79,2026-08-25,2026-10-09,130626.82
953,65,2026-08-13,2026-09-12,17705.94
954,21,2026-05-23,2026-06-22,56199.18
955,36,2025-12-20,2026-02-18,8960.16
956,67,2025-09-06,2025-10-21,56478.54
957,79,2026-04-09,2026-05-24,34154.73
958,16,2026-04-25,2026-06-09,63802.21
959,58,2025-10-19,2025-11-18,4850.44
960,7,2026-05-15,2026-06-14,104483.72
961,80,2026-05-05,2026-06-19,57104.34
962,28,2026-06-01,2026-07-01,83344.17
963,50,2025-09-14,2025-10-14,57531.2
964,12,2026-03-15,2026-04-14,57396.0
965,25,2025-11-11,2025-12-26,62790.24
966,30,2026-07-23,2026-09-06,74915.79
967,72,2026-05-05,2026-07-04,56940.31
968,11,2026-08-03,2026-09-17,100413.33
969,60,2026-07-18,2026-08-17,109268.54
970,42,2025-10-23,2025-11-22,23976.47
971,55,2026-02-14,2026-03-16,9303.28
972,36,2025-12-11,2026-02-09,12719.96
973,49,2025-10-19,2025-11-18,49179.36
974,46,2025-11-17,2025-12-17,68231.02
975,70,2026-01-01,2026-01-31,54421.69
976,35,2025-10-18,2025-11-17,31724.24
977,14,2025-09-11,2025-10-26,90477.71
978,37,2025-10-25,2025-11-24,78979.24
979,40,2025-12-06,2026-02-04,49101.22
980,52,2026-02-02,2026-03-04,63550.6
981,41,2025-09-12,2025-10-12,80418.9
982,5,2026-03-10,2026-04-09,3725.44
983,21,2026-01-09,2026-02-08,47180.1
984,55,2026-05-18,2026-06-17,43168.4
985,49,2026-05-29,2026-06-28,51893.47
986,61,2026-04-08,2026-05-08,85440.36
987,6,2025-10-17,2025-12-01,27957.09
988,51,2026-07-31,2026-09-14,24776.08
989,61,2026-01-30,2026-03-01,53476.83
990,62,2025-10-11,2025-11-10,67744.92
991,24,2026-03-22,2026-04-21,7736.4
992,52,2026-04-09,2026-05-09,99620.94
993,16,2026-07-30,2026-09-13,82143.61
994,7,2026-04-14,2026-05-14,94547.77
995,42,2025-11-21,2025-12-21,7810.94
996,21,2025-10-27,2025-11-26,6576.62
997,48,2025-10-11,2025-11-25,43315.65
998,60,2026-07-27,2026-08-26,115638.24
999,17,2026-04-19,2026-06-18,30199.15
1000,21,2026-03-09,2026-04-08,64079.98
1001,52,2026-02-05,2026-03-07,13621.14
1002,6,2025-09-15,2025-10-30,54328.6
1003,19,2026-05-02,2026-06-01,68343.18
1004,66,2025-09-18,2025-10-18,121041.36
1005,19,2026-07-11,2026-08-10,14160.24
1006,22,2026-04-09,2026-05-09,122617.09
1007,80,2026-06-05,2026-07-20,37100.1
1008,25,2026-07-08,2026-08-22,9338.28
1009,44,2025-09-23,2025-11-07,27605.94
1010,11,2025-12-02,2026-01-16,73262.95
1011,76,2025-11-09,2025-12-24,198350.26
1012,28,2026-03-07,2026-04-06,58223.88
1013,66,2026-04-18,2026-05-18,63536.08
1014,38,2025-12-17,2026-01-31,52424.19
1015,76,2025-12-26,2026-02-09,93083.48
1016,25,2026-01-06,2026-02-20,63681.2
1017,2,2026-08-10,2026-09-09,61503.9
1018,33,2025-09-05,2025-10-05,1077.07
1019,13,2026-08-09,2026-09-08,140555.09
1020,56,2026-06-17,2026-08-01,61119.16
1021,52,2026-01-18,2026-02-17,17284.96
1022,45,2025-11-06,2025-12-21,55647.18
1023,50,2026-04-04,2026-05-04,101159.36
1024,59,2026-06-24,2026-07-24,12488.0
1025,64,2026-04-11,2026-05-11,36850.03
1026,47,2026-05-22,2026-07-06,22007.42
1027,12,2026-01-08,2026-02-07,2611.55
1028,45,2025-12-02,2026-01-16,131115.48
1029,37,2025-10-07,2025-11-06,60082.84
1030,8,2026-03-27,2026-04-26,27733.21
1031,31,2026-07-13,2026-08-12,47713.36
1032,29,2025-10-11,2025-11-10,16918.8
1033,18,2025-10-06,2025-11-05,125069.91
1034,56,2026-03-25,2026-05-09,20943.06
1035,20,2025-11-15,2026-01-14,9828.64
1036,72,2025-11-30,2026-01-29,35361.81
1037,46,2026-06-02,2026-07-02,51497.03
1038,1,2025-10-21,2025-11-20,46701.39
1039,58,2026-05-01,2026-05-31,98465.98
1040,67,2026-07-07,2026-08-21,75288.4
1041,75,2026-07-30,2026-09-13,83659.6
1042,42,2026-07-20,2026-08-19,101832.94
1043,43,2026-05-22,2026-07-06,19649.97
1044,3,2026-03-08,2026-05-07,43631.65
1045,21,2026-03-03,2026-04-02,31412.16
1046,69,2025-12-31,2026-02-14,11450.52
1047,65,2026-01-13,2026-02-12,106080.69
1048,78,2025-12-22,2026-02-05,15245.68
1049,68,2025-10-15,2025-12-14,62938.36
1050,19,2026-01-18,2026-02-17,38117.68
1051,47,2026-04-11,2026-05-26,61321.08
1052,20,2026-04-17,2026-06-16,93006.18
1053,7,2025-10-12,2025-11-11,66236.96
1054,60,2025-09-02,2025-10-02,25288.26
1055,48,2026-06-17,2026-08-01,8474.16
1056,9,2026-08-21,2026-10-05,2773.68
1057,34,2025-11-19,2025-12-19,15007.12
1058,42,2026-02-26,2026-03-28,60241.32
1059,13,2026-06-15,2026-07-15,28783.89
1060,68,2026-05-02,2026-07-01,53221.31
1061,36,2026-03-21,2026-05-20,4260.06
1062,19,2025-09-12,2025-10-12,94726.52
1063,60,2025-09-13,2025-10-13,25828.82
1064,14,2025-09-30,2025-11-14,26226.97
1065,5,2026-04-02,2026-05-02,68093.81
1066,7,2026-06-28,2026-07-28,71712.0
1067,78,2025-12-30,2026-02-13,175512.11
1068,76,2025-12-14,2026-01-28,86361.87
1069,52,2025-11-09,2025-12-09,68415.43
1070,4,2026-02-21,2026-03-23,5854.8
1071,52,2026-06-15,2026-07-15,41440.51
1072,56,2026-08-05,2026-09-19,91898.49
1073,6,2025-09-30,2025-11-14,42001.44
1074,65,2026-01-09,2026-02-08,93984.6
1075,76,2025-10-07,2025-11-21,35319.85
1076,13,2025-12-19,2026-01-18,111692.97
1077,59,2025-11-21,2025-12-21,32129.67
1078,57,2026-08-20,2026-10-04,105660.08
1079,46,2026-05-05,2026-06-04,54077.78
1080,53,2026-08-02,2026-09-01,53527.32
1081,28,2026-05-18,2026-06-17,123709.57
1082,69,2025-11-07,2025-12-22,38253.24
1083,39,2026-05-06,2026-06-20,80198.32
1084,20,2026-05-21,2026-07-20,52957.74
1085,20,2025-12-21,2026-02-19,24445.93
1086,50,2025-11-21,2025-12-21,50650.52
1087,14,2026-06-26,2026-08-10,22930.08
1088,15,2026-02-12,2026-03-14,61121.51
1089,36,2026-07-19,2026-09-17,28316.55
1090,30,2025-10-16,2025-11-30,2651.45
1091,18,2025-11-08,2025-12-08,29329.25
1092,26,2026-01-09,2026-02-23,2872.76
1093,64,2026-05-05,2026-06-04,32909.52
1094,68,2026-05-06,2026-07-05,52479.31
1095,55,2026-08-02,2026-09-01,29129.94
1096,67,2026-02-02,2026-03-19,19573.68
1097,44,2026-07-29,2026-09-12,65957.58
1098,59,2025-10-23,2025-11-22,107389.8
1099,12,2026-03-14,2026-04-13,91630.82
1100,36,2026-03-22,2026-05-21,43772.07
1101,2,2026-06-22,2026-07-22,96931.9
1102,42,2026-01-12,2026-02-11,150233.46
1103,34,2026-05-10,2026-06-09,39434.44
1104,31,2026-01-20,2026-02-19,68529.45
1105,69,2026-04-22,2026-06-06,59298.81
1106,20,2026-05-18,2026-07-17,86752.13
1107,38,2025-09-16,2025-10-31,19673.27
1108,75,2025-09-27,2025-11-11,23173.2
1109,4,2026-03-14,2026-04-13,33784.16
1110,62,2026-01-09,2026-02-08,4291.84
1111,1,2025-10-02,2025-11-01,83949.1
1112,42,2026-03-15,2026-04-14,66819.96
1113,51,2026-01-07,2026-02-21,12936.42
1114,37,2026-05-13,2026-06-12,75203.67
1115,43,2025-09-28,2025-11-12,10439.5
1116,62,2026-02-18,2026-03-20,37134.72
1117,51,2025-09-22,2025-11-06,37100.62
1118,53,2025-11-13,2025-12-13,87139.44
1119,1,2026-01-31,2026-03-02,30568.75
1120,64,2026-04-03,2026-05-03,61834.1
1121,16,2026-01-26,2026-03-12,17366.65
1122,2,2025-09-05,2025-10-05,6173.34
1123,2,2026-01-28,2026-02-27,13848.66
1124,58,2026-08-01,2026-08-31,43841.64
1125,17,2026-08-16,2026-10-15,670.6
1126,80,2026-03-23,2026-05-07,50326.21
1127,77,2026-04-19,2026-05-19,5146.83
1128,7,2026-06-27,2026-07-27,29586.36
1129,62,2026-07-31,2026-08-30,34330.83
1130,17,2025-10-06,2025-12-05,100029.88
1131,21,2025-11-17,2025-12-17,55094.33
1132,79,2025-11-18,2026-01-02,114053.12
1133,64,2026-07-24,2026-08-23,127701.34
1134,43,2026-05-07,2026-06-21,86673.75
1135,53,2025-10-28,2025-11-27,55504.84
1136,41,2025-10-03,2025-11-02,37179.69
1137,26,2025-10-27,2025-12-11,73513.41
1138,75,2026-02-24,2026-04-10,13779.53
1139,26,2026-07-29,2026-09-12,17498.48
1140,70,2026-02-26,2026-03-28,43469.4
1141,67,2025-10-28,2025-12-12,31643.67
1142,79,2026-01-30,2026-03-16,32512.68
1143,59,2025-11-17,2025-12-17,42999.12
1144,21,2026-06-25,2026-07-25,15163.68
1145,42,2026-07-24,2026-08-23,4821.08
1146,70,2026-05-02,2026-06-01,106300.62
1147,23,2026-04-09,2026-05-24,55553.05
1148,57,2025-12-29,2026-02-12,43615.28
1149,53,2026-02-19,2026-03-21,45504.79
1150,76,2026-07-07,2026-08-21,41895.1
1151,27,2026-05-21,2026-06-20,20037.78
1152,62,2026-05-19,2026-06-18,111481.57
1153,79,2026-04-16,2026-05-31,27079.62
1154,72,2025-12-28,2026-02-26,30020.0
1155,25,2026-02-27,2026-04-13,119977.52
1156,43,2026-07-30,2026-09-13,68085.1
1157,48,2026-02-07,2026-03-24,113976.37
1158,61,2025-12-10,2026-01-09,62041.32
1159,19,2026-06-10,2026-07-10,92878.4
1160,35,2026-02-25,2026-03-27,10358.51
1161,21,2025-12-20,2026-01-19,32812.15
1162,18,2026-03-24,2026-04-23,24332.52
1163,40,2026-03-03,2026-05-02,28408.23
1164,74,2026-02-05,2026-03-22,74362.96
1165,53,2025-10-16,2025-11-15,9343.18
1166,5,2026-07-20,2026-08-19,56442.36
1167,22,2025-10-21,2025-11-20,122694.87
1168,56,2026-04-10,2026-05-25,78719.48
1169,14,2026-07-12,2026-08-26,3122.0
1170,40,2026-05-03,2026-07-02,65583.0
1171,1,2026-07-12,2026-08-11,29102.64
1172,77,2025-10-20,2025-11-19,21593.2
1173,27,2026-05-14,2026-06-13,70174.53
1174,49,2026-08-02,2026-09-01,55650.0
1175,58,2026-03-15,2026-04-14,3223.93
1176,72,2026-05-10,2026-07-09,52442.53
1177,26,2026-02-27,2026-04-13,133903.53
1178,20,2026-07-17,2026-09-15,7042.86
1179,14,2026-01-14,2026-02-28,43168.32
1180,25,2026-08-12,2026-09-26,32003.4
1181,36,2026-01-15,2026-03-16,42949.19
1182,28,2026-05-07,2026-06-06,29167.36
1183,8,2026-05-26,2026-06-25,94436.48
1184,49,2025-12-01,2025-12-31,13580.25
1185,6,2026-03-16,2026-04-30,5899.71
1186,1,2026-04-25,2026-05-25,68879.98
1187,5,2026-06-02,2026-07-02,141097.56
1188,73,2025-11-26,2025-12-26,24915.4
1189,8,2025-09-08,2025-10-08,48865.44
1190,41,2025-12-11,2026-01-10,72700.5
1191,72,2025-09-18,2025-11-17,19600.69
1192,19,2025-09-26,2025-10-26,23039.13
1193,3,2025-10-13,2025-12-12,36329.46
1194,39,2025-09-14,2025-10-29,117045.74
1195,16,2026-01-13,2026-02-27,4125.42
1196,65,2026-08-11,2026-09-10,13758.8
1197,74,2026-05-16,2026-06-30,43195.02
1198,70,2026-02-23,2026-03-25,55254.32
1199,69,2026-03-17,2026-05-01,2815.36
1200,17,2026-03-20,2026-05-19,34400.97
1201,21,2026-03-03,2026-04-02,23695.23
1202,62,2026-08-28,2026-09-27,46601.24
1203,31,2026-06-04,2026-07-04,4549.44
1204,3,2026-03-22,2026-05-21,41856.81
1205,38,2025-09-07,2025-10-22,20902.72
1206,60,2026-04-12,2026-05-12,19905.52
1207,65,2026-05-16,2026-06-15,71137.28
1208,76,2026-01-19,2026-03-05,61214.32
1209,16,2025-11-07,2025-12-22,44898.72
1210,8,2026-06-09,2026-07-09,59693.65
1211,70,2025-11-26,2025-12-26,54387.77
1212,51,2026-06-03,2026-07-18,25333.88
1213,50,2026-08-16,2026-09-15,29276.98
1214,73,2026-03-04,2026-04-03,71027.8
1215,18,2026-03-11,2026-04-10,1642.97
1216,29,2026-06-03,2026-07-03,38832.72
1217,75,2026-03-27,2026-05-11,108475.31
1218,33,2025-09-04,2025-10-04,10948.0
1219,3,2026-03-20,2026-05-19,14637.33
1220,5,2026-07-24,2026-08-23,72585.74
1221,80,2026-02-22,2026-04-08,69937.88
1222,59,2026-06-03,2026-07-03,45403.28
1223,4,2025-10-11,2025-11-10,86247.38
1224,18,2025-12-14,2026-01-13,57718.42
1225,27,2025-12-05,2026-01-04,15916.71
1226,18,2025-11-04,2025-12-04,56395.96
1227,66,2026-07-26,2026-08-25,6675.06
1228,6,2026-06-23,2026-08-07,23245.74
1229,11,2026-03-30,2026-05-14,3213.0
1230,38,2026-02-15,2026-04-01,43876.82
1231,65,2026-04-16,2026-05-16,2849.6
1232,59,2025-12-07,2026-01-06,59988.11
1233,54,2026-07-07,2026-08-21,33480.2
1234,21,2025-10-26,2025-11-25,69871.24
1235,8,2026-04-03,2026-05-03,31866.82
1236,67,2026-07-17,2026-08-31,52521.15
1237,15,2026-08-15,2026-09-14,81226.57
1238,61,2026-04-03,2026-05-03,93061.68
1239,51,2026-02-22,2026-04-08,61950.81
1240,41,2026-08-09,2026-09-08,8853.6
1241,78,2026-02-17,2026-04-03,39838.05
1242,17,2026-08-13,2026-10-12,87630.6
1243,39,2025-12-12,2026-01-26,41774.9
1244,20,2026-04-07,2026-06-06,27678.52
1245,39,2026-01-29,2026-03-15,36023.84
1246,70,2026-08-09,2026-09-08,79858.87
1247,70,2025-11-24,2025-12-24,150887.88
1248,77,2026-07-24,2026-08-23,57452.15
1249,35,2026-08-07,2026-09-06,98121.78
1250,27,2026-03-31,2026-04-30,31026.24
1251,32,2025-10-02,2025-11-01,28153.22
1252,3,2026-02-14,2026-04-15,87239.59
1253,32,2025-10-14,2025-11-13,150321.75
1254,71,2025-11-03,2025-12-03,41287.16
1255,34,2026-03-17,2026-04-16,28979.88
1256,21,2026-05-03,2026-06-02,81473.38
1257,29,2025-11-21,2025-12-21,7711.2
1258,4,2026-05-22,2026-06-21,16075.98
1259,68,2025-11-05,2026-01-04,80320.92
1260,1,2026-06-23,2026-07-23,6021.4
1261,31,2026-01-02,2026-02-01,54478.4
1262,45,2026-02-17,2026-04-03,80482.23
1263,71,2026-03-24,2026-04-23,94056.65
1264,52,2026-08-24,2026-09-23,16881.48
1265,44,2025-11-29,2026-01-13,23796.08
1266,50,2026-03-09,2026-04-08,43091.98
1267,36,2026-01-13,2026-03-14,33166.66
1268,21,2025-09-01,2025-10-01,106015.55
1269,23,2025-12-06,2026-01-20,93136.72
1270,77,2025-10-13,2025-11-12,1528.02
1271,34,2025-09-13,2025-10-13,9083.2
1272,69,2026-01-17,2026-03-03,38059.09
1273,31,2026-04-28,2026-05-28,61269.35
1274,12,2026-05-09,2026-06-08,101088.2
1275,28,2025-12-20,2026-01-19,70549.2
1276,48,2026-06-18,2026-08-02,5350.28
1277,28,2025-10-08,2025-11-07,18656.69
1278,7,2026-04-05,2026-05-05,23373.62
1279,34,2025-12-20,2026-01-19,26183.46
1280,51,2025-12-13,2026-01-27,156790.31
1281,78,2026-02-20,2026-04-06,17698.8
1282,80,2025-10-21,2025-12-05,136655.81
1283,11,2025-09-15,2025-10-30,77428.32
1284,38,2026-07-12,2026-08-26,110565.0
1285,42,2025-11-05,2025-12-05,45236.23
1286,7,2025-09-14,2025-10-14,108999.85
1287,46,2026-04-26,2026-05-26,3440.8
1288,45,2026-01-30,2026-03-16,46816.62
1289,3,2026-06-17,2026-08-16,82448.05
1290,79,2025-12-17,2026-01-31,82648.12
1291,57,2026-02-07,2026-03-24,30805.28
1292,30,2026-08-14,2026-09-28,24500.84
1293,52,2025-10-16,2025-11-15,8808.5
1294,54,2025-09-16,2025-10-31,28700.64
1295,48,2025-11-24,2026-01-08,54069.37
1296,33,2025-09-22,2025-10-22,114617.38
1297,20,2026-04-03,2026-06-02,33047.12
1298,5,2026-06-15,2026-07-15,14699.16
1299,17,2026-02-16,2026-04-17,85874.67
1300,2,2025-09-22,2025-10-22,44412.03
1301,24,2026-07-06,2026-08-05,29956.3
1302,51,2025-11-28,2026-01-12,28551.68
1303,48,2026-05-03,2026-06-17,8419.08
1304,44,2026-04-27,2026-06-11,48887.81
1305,1,2026-07-15,2026-08-14,150145.22
1306,52,2025-10-15,2025-11-14,21026.88
1307,22,2026-05-11,2026-06-10,88047.64
1308,14,2025-12-03,2026-01-17,15637.14
1309,77,2026-04-10,2026-05-10,7091.0
1310,76,2026-03-14,2026-04-28,74379.11
1311,71,2026-05-06,2026-06-05,14700.49
1312,66,2026-02-06,2026-03-08,132941.2
1313,67,2026-04-16,2026-05-31,83323.22
1314,40,2026-02-10,2026-04-11,95315.97
1315,36,2025-09-14,2025-11-13,69345.27
1316,77,2026-01-28,2026-02-27,14635.74
1317,58,2026-04-03,2026-05-03,22239.55
1318,39,2026-07-25,2026-09-08,31768.5
1319,37,2026-02-25,2026-03-27,42873.6
1320,14,2025-09-24,2025-11-08,7549.92
1321,64,2026-04-29,2026-05-29,48632.87
1322,26,2025-10-10,2025-11-24,110157.06
1323,40,2026-04-13,2026-06-12,21051.71
1324,7,2026-07-24,2026-08-23,78618.71
1325,8,2026-04-16,2026-05-16,52544.8
1326,79,2026-01-06,2026-02-20,128396.92
1327,5,2025-11-01,2025-12-01,80216.01
1328,43,2026-06-03,2026-07-18,74630.14
1329,36,2026-01-25,2026-03-26,123705.73
1330,59,2026-04-12,2026-05-12,60979.38
1331,3,2026-05-05,2026-07-04,67056.97
1332,62,2025-09-21,2025-10-21,11390.63
1333,22,2026-05-23,2026-06-22,33154.24
1334,22,2026-08-22,2026-09-21,35739.37
1335,38,2025-10-31,2025-12-15,7239.2
1336,50,2026-06-17,2026-07-17,17785.2
1337,53,2025-12-17,2026-01-16,44717.19
1338,4,2026-03-17,2026-04-16,69823.93
1339,79,2026-08-04,2026-09-18,17599.0
1340,21,2025-11-26,2025-12-26,95107.1
1341,20,2025-10-29,2025-12-28,101799.97
1342,25,2026-07-24,2026-09-07,40805.5
1343,45,2026-01-20,2026-03-06,33924.24
1344,64,2025-10-23,2025-11-22,58525.05
1345,61,2026-05-14,2026-06-13,50517.3
1346,53,2025-11-23,2025-12-23,89736.91
1347,68,2026-08-20,2026-10-19,20010.6
1348,56,2026-08-16,2026-09-30,5454.76
1349,58,2026-06-27,2026-07-27,91902.27
1350,73,2026-01-13,2026-02-12,16092.0
1351,37,2026-08-16,2026-09-15,35337.92
1352,5,2026-04-23,2026-05-23,24560.8
1353,18,2026-08-16,2026-09-15,2697.11
1354,33,2025-10-16,2025-11-15,89981.15
1355,13,2025-11-29,2025-12-29,577.94
1356,33,2026-03-16,2026-04-15,42099.12
1357,40,2026-08-11,2026-10-10,99012.37
1358,66,2025-12-28,2026-01-27,83189.94
1359,12,2025-12-03,2026-01-02,54899.58
1360,47,2026-02-09,2026-03-26,39176.28
1361,48,2026-06-29,2026-08-13,20112.21
1362,23,2025-09-19,2025-11-03,2773.68
1363,40,2025-09-30,2025-11-29,896.9
1364,5,2026-05-22,2026-06-21,151655.56
1365,36,2025-11-25,2026-01-24,12996.8
1366,31,2026-06-01,2026-07-01,89206.78
1367,23,2026-07-13,2026-08-27,26985.18
1368,16,2025-11-27,2026-01-11,18133.05
1369,72,2026-06-27,2026-08-26,5824.32
1370,9,2025-12-17,2026-01-31,132159.19
1371,54,2025-10-22,2025-12-06,47671.15
1372,66,2025-09-08,2025-10-08,25846.16
1373,18,2026-07-31,2026-08-30,31304.86
1374,47,2026-06-03,2026-07-18,18277.94
1375,37,2026-04-12,2026-05-12,56890.2
1376,40,2026-02-10,2026-04-11,9077.79
1377,72,2026-07-25,2026-09-23,27526.92
1378,69,2026-07-19,2026-09-02,83002.96
1379,72,2025-11-26,2026-01-25,37295.49
1380,74,2026-07-02,2026-08-16,24318.77
1381,3,2026-03-13,2026-05-12,39793.14
1382,67,2026-08-14,2026-09-28,4744.44
1383,38,2026-03-16,2026-04-30,65474.82
1384,27,2026-02-26,2026-03-28,1931.04
1385,16,2026-08-08,2026-09-22,21316.5
1386,15,2026-03-18,2026-04-17,117315.88
1387,72,2025-10-24,2025-12-23,41124.03
1388,49,2026-04-04,2026-05-04,40760.04
1389,28,2025-09-26,2025-10-26,37077.04
1390,79,2026-07-31,2026-09-14,86361.03
1391,60,2026-08-17,2026-09-16,16280.74
1392,24,2026-06-05,2026-07-05,35037.0
1393,69,2026-02-24,2026-04-10,34423.08
1394,70,2025-12-18,2026-01-17,45179.25
1395,60,2026-01-23,2026-02-22,59704.03
1396,55,2026-08-30,2026-09-29,37140.18
1397,5,2025-12-03,2026-01-02,90806.79
1398,25,2026-01-14,2026-02-28,9700.53
1399,40,2026-03-08,2026-05-07,53720.56
1400,7,2025-10-31,2025-11-30,171804.0
1401,31,2026-05-16,2026-06-15,54100.36
1402,61,2025-10-18,2025-11-17,31927.45
1403,3,2026-05-03,2026-07-02,30645.75
1404,52,2026-06-29,2026-07-29,129723.63
1405,64,2026-07-14,2026-08-13,58330.78
1406,65,2025-09-13,2025-10-13,108353.54
1407,56,2025-11-02,2025-12-17,5763.65
1408,29,2026-08-21,2026-09-20,73498.77
1409,59,2026-04-10,2026-05-10,33945.41
1410,40,2025-10-16,2025-12-15,105644.94
1411,33,2026-08-06,2026-09-05,71696.21
1412,35,2025-12-15,2026-01-14,2296.19
1413,71,2026-07-27,2026-08-26,73800.28
1414,68,2026-04-25,2026-06-24,20555.34
1415,35,2026-06-07,2026-07-07,57177.18
1416,34,2026-08-04,2026-09-03,44429.29
1417,74,2025-09-28,2025-11-12,46541.16
1418,74,2025-11-15,2025-12-30,70517.92
1419,20,2026-04-13,2026-06-12,114007.0
1420,44,2026-02-17,2026-04-03,86526.86
1421,41,2026-05-17,2026-06-16,2511.9
1422,77,2026-02-08,2026-03-10,88008.33
1423,7,2026-04-04,2026-05-04,55334.17
1424,22,2026-05-15,2026-06-14,37775.09
1425,11,2026-07-04,2026-08-18,14937.56
1426,13,2026-01-15,2026-02-14,129379.9
1427,23,2026-04-15,2026-05-30,77284.47
1428,74,2025-09-16,2025-10-31,44124.27
1429,28,2026-03-20,2026-04-19,72839.7
1430,17,2026-03-23,2026-05-22,89803.92
1431,47,2026-07-02,2026-08-16,66730.15
1432,22,2026-05-20,2026-06-19,12597.82
1433,49,2026-08-25,2026-09-24,25023.32
1434,40,2025-12-25,2026-02-23,69172.84
1435,6,2026-06-13,2026-07-28,38971.5
1436,26,2026-08-29,2026-10-13,102560.54
1437,47,2026-02-20,2026-04-06,6719.9
1438,66,2025-12-09,2026-01-08,77997.46
1439,45,2026-08-11,2026-09-25,84644.52
1440,31,2026-06-12,2026-07-12,71906.25
1441,50,2026-02-27,2026-03-29,39767.9
1442,13,2026-06-12,2026-07-12,81562.26
1443,38,2025-12-28,2026-02-11,49792.96
1444,25,2025-11-07,2025-12-22,78218.06
1445,29,2025-12-13,2026-01-12,16046.16
1446,35,2026-03-20,2026-04-19,98633.27
1447,28,2025-11-24,2025-12-24,65570.03
1448,19,2026-04-27,2026-05-27,107326.43
1449,7,2026-05-25,2026-06-24,15302.79
1450,49,2025-11-16,2025-12-16,44915.42
1451,72,2026-01-26,2026-03-27,61104.77
1452,14,2025-11-13,2025-12-28,52663.97
1453,8,2026-03-04,2026-04-03,3572.72
1454,66,2026-04-03,2026-05-03,23179.32
1455,64,2026-05-11,2026-06-10,93332.6
1456,24,2025-12-05,2026-01-04,76891.4
1457,15,2026-04-04,2026-05-04,70161.2
1458,72,2026-01-17,2026-03-18,7808.96
1459,3,2026-04-07,2026-06-06,84939.11
1460,11,2026-07-12,2026-08-26,22261.42
1461,71,2026-04-03,2026-05-03,4649.79
1462,39,2026-07-21,2026-09-04,57086.25
1463,5,2026-04-25,2026-05-25,19011.16
1464,21,2026-05-05,2026-06-04,41737.64
1465,22,2025-10-19,2025-11-18,20690.07
1466,38,2025-09-15,2025-10-30,122873.63
1467,7,2026-08-08,2026-09-07,43700.23
1468,53,2026-01-17,2026-02-16,19176.3
1469,53,2025-11-14,2025-12-14,81987.4
1470,43,2025-09-08,2025-10-23,136997.82
1471,51,2025-10-07,2025-11-21,18310.38
1472,4,2026-02-03,2026-03-05,51792.55
1473,18,2025-09-20,2025-10-20,5307.6
1474,2,2026-05-14,2026-06-13,84121.31
1475,58,2025-12-24,2026-01-23,103101.95
1476,33,2025-09-22,2025-10-22,40879.04
1477,65,2025-10-28,2025-11-27,99321.95
1478,63,2025-12-21,2026-02-04,2763.2
1479,31,2026-03-22,2026-04-21,38227.53
1480,80,2025-09-23,2025-11-07,4335.96
1481,68,2025-12-07,2026-02-05,108773.37
1482,13,2025-10-04,2025-11-03,62506.07
1483,27,2026-04-22,2026-05-22,149896.67
1484,57,2026-02-25,2026-04-11,76328.89
1485,14,2025-10-17,2025-12-01,5026.32
1486,52,2026-02-24,2026-03-26,44622.24
1487,63,2026-06-06,2026-07-21,62999.6
1488,80,2025-11-04,2025-12-19,20549.88
1489,73,2026-06-01,2026-07-01,87507.97
1490,9,2026-04-17,2026-06-01,76763.16
1491,39,2025-09-25,2025-11-09,31461.76
1492,7,2026-05-16,2026-06-15,97032.38
1493,57,2026-03-05,2026-04-19,82592.67
1494,55,2026-04-02,2026-05-02,46041.56
1495,7,2025-11-12,2025-12-12,93387.97
1496,80,2025-10-24,2025-12-08,5814.62
1497,16,2026-01-22,2026-03-08,40396.74
1498,47,2026-03-10,2026-04-24,22964.24
1499,63,2025-10-13,2025-11-27,66170.68
1500,79,2025-12-14,2026-01-28,33334.92
