supplier_payment_id,po_id,payment_date,amount_paid
1,1,2025-11-01,112779.08
2,2,2026-02-20,49776.84
3,3,2026-01-19,57877.71
4,4,2026-03-15,64825.18
5,5,2025-10-18,4480.88
6,5,2025-09-26,61.62
7,6,2026-01-13,28661.98
8,6,2025-12-26,7263.49
9,7,2025-12-20,35512.95
10,8,2025-12-04,113675.46
11,8,2025-11-13,13652.31
12,9,2026-03-16,29443.88
13,10,2026-02-19,68874.09
14,11,2026-06-26,70482.19
15,12,2026-03-01,77809.6
16,13,2026-01-22,120391.62
17,14,2026-08-10,111545.04
18,15,2025-12-16,21854.0
19,16,2026-10-07,53004.56
20,16,2026-09-29,11731.86
21,17,2025-10-18,23449.65
22,18,2025-11-28,68989.23
23,19,2026-08-05,69043.53
24,20,2025-11-27,72790.28
25,21,2026-04-11,119319.9
26,22,2026-09-30,7672.37
27,23,2026-05-11,59799.43
28,24,2026-08-25,48322.66
29,25,2025-12-16,92217.4
30,26,2026-01-23,144941.14
31,27,2026-06-08,73475.28
32,28,2026-07-02,65264.4
33,29,2026-08-15,25147.44
34,30,2025-12-11,80723.26
35,31,2026-04-06,5924.62
36,32,2025-11-29,63222.63
37,33,2026-02-15,88906.03
38,34,2025-12-27,40516.92
39,35,2026-01-30,13392.6
40,36,2026-03-04,62991.32
41,37,2026-02-11,39378.77
42,38,2026-04-07,19933.81
43,39,2026-05-26,34232.55
44,40,2025-11-14,52489.2
45,40,2025-11-17,4423.44
46,41,2026-08-07,22173.83
47,41,2026-08-25,13703.25
48,42,2026-09-02,19743.19
49,43,2026-06-26,51633.72
50,44,2026-01-24,2368.44
51,45,2026-07-11,6412.34
52,46,2026-05-23,20513.85
53,47,2026-06-11,78052.01
54,48,2025-11-19,34546.9
55,49,2026-02-02,133603.65
56,50,2026-03-25,38647.87
57,51,2026-03-27,38668.18
58,52,2026-06-02,4894.16
59,53,2026-05-22,126202.03
60,54,2026-06-03,15544.75
61,56,2026-02-16,16612.46
62,56,2026-02-05,12839.74
63,57,2026-06-20,73232.24
64,58,2026-02-17,118487.95
65,59,2026-01-31,50494.33
66,59,2026-01-24,14201.66
67,60,2026-01-04,21301.42
68,61,2026-02-11,85736.9
69,62,2026-07-11,13820.56
70,63,2025-12-31,127581.01
71,64,2026-04-19,57816.79
72,65,2026-05-02,11446.17
73,65,2026-04-09,7398.39
74,66,2026-09-12,32928.37
75,66,2026-08-25,24213.85
76,68,2026-06-04,53326.18
77,71,2026-06-04,78956.49
78,72,2026-03-02,47739.87
79,72,2026-02-06,18288.89
80,73,2025-11-07,83924.59
81,74,2025-12-06,33667.63
82,75,2026-05-26,46351.38
83,76,2026-05-11,64274.59
84,77,2026-02-04,23847.13
85,78,2025-10-22,54055.94
86,79,2026-02-13,39825.21
87,81,2026-09-23,117993.64
88,82,2026-09-20,52683.79
89,83,2026-07-06,10246.88
90,84,2026-03-05,109202.18
91,85,2025-12-15,38521.6
92,86,2025-12-06,12292.5
93,87,2026-04-23,9930.6
94,88,2026-02-27,106980.47
95,89,2025-12-29,81895.64
96,90,2026-04-10,11916.48
97,91,2026-03-19,10771.48
98,92,2026-02-16,9731.26
99,92,2026-01-31,4965.74
100,93,2026-03-12,52778.05
101,94,2026-03-14,25729.01
102,95,2026-01-07,51934.69
103,96,2025-11-15,82379.12
104,96,2025-10-24,5137.27
105,97,2026-06-03,22827.66
106,98,2025-12-10,78874.17
107,99,2025-12-30,38766.79
108,100,2025-12-27,66220.21
109,101,2026-04-19,16144.62
110,102,2026-03-29,2537.04
111,103,2026-06-08,74260.3
112,104,2026-05-16,56541.01
113,105,2026-04-19,109358.47
114,106,2026-03-08,73276.89
115,107,2026-02-19,23481.53
116,108,2026-07-07,110639.87
117,109,2026-06-08,59071.7
118,110,2026-01-28,17182.04
119,111,2026-01-03,15396.2
120,112,2026-03-20,17645.17
121,113,2026-01-16,58023.54
122,114,2026-01-20,28743.19
123,115,2026-06-28,35283.51
124,116,2026-01-07,29560.98
125,117,2025-10-21,23313.48
126,118,2025-11-19,64086.1
127,119,2026-10-06,74475.69
128,120,2026-02-18,33821.05
129,122,2026-09-22,51126.85
130,123,2026-09-27,79070.17
131,124,2025-11-30,18592.74
132,125,2026-06-23,52827.98
133,125,2026-07-23,260.86
134,126,2026-08-24,98685.01
135,127,2025-11-10,79614.36
136,128,2026-01-02,57695.2
137,129,2025-11-19,2419.45
138,130,2026-06-20,66979.07
139,131,2025-10-03,24548.34
140,132,2025-11-22,22366.0
141,132,2025-11-18,3969.65
142,133,2026-08-11,69586.88
143,134,2026-09-30,33716.66
144,135,2025-11-21,142554.52
145,136,2025-10-18,2456.06
146,137,2025-11-18,124914.64
147,137,2025-10-31,21773.88
148,138,2025-11-02,72767.6
149,138,2025-10-23,58804.96
150,139,2026-09-01,37262.62
151,139,2026-08-22,24209.2
152,140,2026-05-31,106340.27
153,141,2026-08-11,33775.3
154,142,2026-05-07,5782.8
155,143,2025-12-22,16694.72
156,144,2026-02-18,9657.07
157,145,2026-03-12,21222.71
158,147,2026-04-16,11151.3
159,147,2026-04-27,35.82
160,148,2025-11-21,34030.16
161,149,2026-07-20,5125.5
162,151,2026-09-13,130058.61
163,152,2026-04-01,15863.03
164,153,2026-02-27,47463.47
165,153,2026-03-05,29387.97
166,154,2025-12-01,30458.4
167,156,2026-07-17,50402.57
168,158,2026-04-17,47027.4
169,159,2026-10-07,17399.71
170,159,2026-10-05,10014.61
171,160,2026-08-28,40302.15
172,161,2025-11-02,23264.5
173,162,2025-10-16,1829.88
174,163,2026-02-12,28320.21
175,163,2026-03-07,1614.75
176,164,2026-09-10,55180.49
177,165,2026-02-27,14400.96
178,166,2026-01-15,66641.75
179,167,2026-09-21,55157.58
180,168,2026-09-09,5165.18
181,169,2025-12-13,15184.84
182,170,2026-06-07,53766.83
183,170,2026-06-11,16485.01
184,171,2025-09-15,27409.19
185,171,2025-10-17,13818.11
186,172,2026-09-03,60918.78
187,173,2025-09-27,102872.02
188,174,2025-11-19,16433.1
189,174,2025-11-02,331.38
190,175,2026-08-09,75127.94
191,175,2026-07-13,30105.31
192,176,2026-01-10,7239.2
193,177,2026-06-07,44203.59
194,178,2026-02-19,66942.29
195,178,2026-02-25,9634.36
196,179,2026-04-02,29258.12
197,180,2025-12-02,134509.32
198,181,2026-03-20,83744.56
199,182,2025-10-31,24762.12
200,183,2026-01-11,125039.89
201,184,2026-02-24,5095.59
202,184,2026-02-20,1034.49
203,186,2026-08-11,49168.12
204,188,2026-08-05,62185.16
205,189,2025-11-25,42181.23
206,190,2026-02-10,8696.46
207,190,2026-03-01,1969.4
208,192,2026-01-31,105778.28
209,192,2026-02-20,69722.04
210,193,2025-12-25,39776.06
211,194,2025-12-01,11382.12
212,196,2026-04-04,31750.44
213,197,2026-01-20,46604.6
214,197,2026-01-22,18482.92
215,198,2025-11-12,104982.6
216,199,2026-06-29,1610.82
217,200,2026-05-27,76692.0
218,202,2025-11-25,11628.0
219,203,2026-08-22,73070.17
220,204,2025-12-18,6148.82
221,205,2026-06-23,9295.95
222,206,2026-06-20,43050.4
223,207,2025-12-13,43039.36
224,208,2026-05-08,81594.98
225,209,2025-10-28,90930.59
226,210,2026-02-26,4407.82
227,210,2026-02-18,1628.65
228,211,2026-09-13,32016.98
229,212,2025-12-22,35775.59
230,213,2026-04-15,106451.15
231,214,2026-01-04,87637.34
232,215,2025-12-17,23406.67
233,216,2026-09-17,126065.22
234,217,2026-02-18,51816.24
235,218,2026-07-02,40653.67
236,219,2025-12-27,97290.57
237,220,2026-03-18,19558.74
238,221,2025-10-03,33502.48
239,222,2026-09-25,20535.83
240,223,2025-12-02,46428.42
241,224,2026-08-29,32294.34
242,225,2026-06-17,35183.58
243,226,2026-06-07,57215.59
244,226,2026-06-03,53821.13
245,227,2026-01-30,14839.04
246,228,2026-07-10,116408.62
247,229,2026-03-08,1203.18
248,230,2026-09-07,31916.93
249,231,2026-08-03,30784.08
250,232,2026-03-10,26064.52
251,233,2026-02-24,55047.2
252,233,2026-02-28,27548.83
253,234,2025-11-10,3929.31
254,234,2025-11-15,1777.25
255,235,2025-10-04,94814.13
256,237,2026-05-22,56918.19
257,238,2026-07-19,15249.0
258,240,2025-10-08,6818.45
259,241,2026-08-15,28200.36
260,242,2025-11-09,137600.89
261,243,2025-10-29,34027.7
262,244,2026-01-04,12379.82
263,245,2026-10-04,20802.62
264,246,2026-03-06,18786.35
265,247,2026-08-31,4656.8
266,248,2026-10-04,73128.15
267,249,2025-12-19,49320.3
268,249,2025-12-22,36843.92
269,250,2026-02-06,59110.16
270,250,2026-01-25,28601.34
271,251,2026-07-24,79115.71
272,251,2026-08-07,18707.06
273,252,2026-02-20,106140.93
274,253,2026-02-21,5798.0
275,254,2026-03-17,13045.2
276,255,2026-03-13,38722.78
277,256,2026-10-08,19406.18
278,257,2026-07-07,118996.08
279,258,2026-02-06,78375.76
280,259,2026-04-30,114028.12
281,261,2026-03-28,88444.98
282,262,2026-05-31,43829.9
283,263,2026-07-29,15616.16
284,264,2026-04-12,15572.88
285,264,2026-05-05,7904.94
286,265,2026-02-13,43056.24
287,266,2026-07-22,25570.8
288,267,2026-03-20,25393.17
289,268,2026-08-01,1086.94
290,268,2026-08-05,775.78
291,269,2026-06-05,59224.44
292,270,2026-06-02,16579.2
293,271,2025-11-08,15025.35
294,272,2026-02-06,22574.01
295,272,2026-02-06,4844.26
296,273,2026-10-02,52006.85
297,274,2025-10-14,49262.72
298,275,2026-10-17,135852.7
299,276,2026-08-31,88876.85
300,277,2026-02-12,36515.75
301,277,2026-02-09,24316.16
302,281,2025-12-02,84735.31
303,282,2026-08-16,1481.35
304,283,2026-09-04,36111.65
305,284,2026-03-07,67951.85
306,284,2026-02-20,1453.34
307,285,2025-12-31,10204.14
308,287,2026-01-23,51571.66
309,287,2026-01-06,27398.7
310,288,2026-07-02,83187.2
311,289,2025-10-30,2045.94
312,291,2026-08-07,71349.06
313,292,2026-05-30,43715.68
314,293,2025-11-12,5424.3
315,294,2026-07-31,83130.57
316,295,2026-07-05,49881.56
317,296,2026-07-11,103393.18
318,297,2025-11-16,64385.85
319,298,2025-12-07,14130.32
320,298,2025-11-28,12340.63
321,299,2026-08-14,69330.74
322,300,2025-12-28,29770.24
323,301,2026-09-19,41502.64
324,302,2026-02-16,68531.04
325,303,2026-02-27,29542.02
326,303,2026-01-31,6430.4
327,304,2026-02-01,26211.72
328,304,2026-02-13,23871.13
329,305,2026-09-01,56786.79
330,306,2026-04-28,16824.12
331,307,2025-12-26,9403.68
332,308,2025-12-04,21011.76
333,309,2026-04-04,114051.62
334,310,2025-12-13,31227.41
335,310,2025-12-17,13695.52
336,311,2026-07-03,70339.82
337,312,2025-11-16,6132.78
338,312,2025-12-02,87.6
339,313,2026-10-10,57295.73
340,314,2026-07-02,91151.84
341,317,2026-08-14,108979.73
342,318,2026-05-13,63604.68
343,318,2026-05-16,16010.07
344,320,2026-04-18,54499.3
345,320,2026-04-23,444.47
346,321,2025-12-23,10417.61
347,321,2025-12-20,4949.35
348,323,2026-08-15,68941.32
349,324,2026-09-16,22450.88
350,325,2025-10-12,50467.82
351,326,2026-03-21,31514.72
352,326,2026-02-23,22428.11
353,327,2025-12-04,58625.0
354,328,2026-06-17,40715.44
355,328,2026-06-30,26000.09
356,329,2026-06-04,58822.76
357,330,2026-08-17,38669.03
358,331,2025-11-07,32171.48
359,331,2025-10-28,6719.65
360,332,2026-04-05,14147.87
361,334,2026-06-14,46920.35
362,335,2026-07-28,87308.63
363,336,2026-05-09,58339.38
364,338,2026-03-13,31525.83
365,338,2026-03-21,15409.13
366,339,2026-03-13,23576.86
367,341,2025-12-13,28628.71
368,342,2026-02-12,83368.08
369,343,2025-11-25,110929.27
370,345,2025-11-16,29082.23
371,346,2026-08-19,26880.48
372,347,2026-09-25,91236.72
373,349,2025-12-21,85011.89
374,350,2026-04-30,63752.7
375,351,2026-09-03,28327.65
376,351,2026-09-06,7729.16
377,352,2026-02-01,146362.46
378,353,2026-06-02,108014.52
379,354,2026-02-03,85432.41
380,355,2025-12-23,62519.4
381,356,2026-04-23,40605.54
382,357,2026-09-02,39974.51
383,357,2026-09-08,27792.16
384,358,2026-04-11,33916.49
385,358,2026-04-20,32117.93
386,360,2026-01-05,5066.3
387,361,2026-06-30,26599.61
388,362,2026-09-21,29130.52
389,362,2026-09-26,28897.17
390,363,2026-07-06,23502.18
391,364,2025-12-28,23994.47
392,365,2026-06-29,63922.98
393,368,2026-03-15,101515.69
394,369,2025-12-29,58561.68
395,370,2026-01-24,6370.35
396,371,2026-06-16,116283.04
397,372,2025-12-02,163419.76
398,373,2026-08-26,17050.92
399,373,2026-09-18,10152.13
400,374,2026-06-27,40651.08
401,375,2026-02-23,29631.83
402,376,2026-08-23,126789.0
403,377,2025-11-16,113293.99
404,378,2025-11-08,52754.02
405,379,2026-01-25,13154.44
406,380,2026-04-06,100837.95
407,381,2026-09-21,102434.45
408,382,2026-06-25,61978.81
409,382,2026-07-08,6788.53
410,383,2026-03-04,110686.88
411,384,2025-09-16,5801.03
412,384,2025-09-26,138.77
413,385,2026-02-16,30517.86
414,386,2026-03-03,90995.7
415,387,2026-04-04,140743.19
416,388,2026-09-03,21221.04
417,389,2025-10-10,9429.03
418,390,2026-08-15,14709.16
419,391,2026-03-18,56661.71
420,393,2026-01-17,96212.71
421,394,2026-06-21,29529.29
422,394,2026-07-15,20315.89
423,395,2026-05-20,116803.4
424,396,2026-10-04,2843.88
425,398,2026-02-16,55342.47
426,398,2026-03-15,627.28
427,399,2026-01-02,86411.63
428,401,2026-01-31,16212.98
429,401,2026-01-12,13230.06
430,402,2025-10-19,56755.11
431,403,2026-04-21,77148.95
432,403,2026-05-01,17773.67
433,405,2026-09-27,6911.6
434,406,2026-07-25,160784.57
435,407,2025-09-25,22253.44
436,408,2026-06-04,93420.73
437,409,2026-05-06,77500.78
438,410,2026-02-05,37732.04
439,410,2026-02-18,8818.36
440,411,2025-12-07,33665.64
441,412,2025-09-27,24763.7
442,413,2025-11-06,87675.64
443,414,2026-02-28,83105.17
444,415,2025-10-27,56510.58
445,416,2025-11-08,4794.79
446,417,2026-01-25,6504.12
447,417,2026-01-24,5832.52
448,418,2026-08-29,78694.27
449,419,2026-04-22,11213.54
450,420,2026-02-21,29840.89
451,420,2026-02-10,7370.08
452,421,2025-11-09,33474.13
453,421,2025-11-05,7346.98
454,423,2026-02-09,60070.57
455,424,2026-09-06,49270.92
456,425,2026-05-12,6406.4
457,426,2026-03-03,82202.64
458,427,2025-10-28,122906.06
459,427,2025-11-10,777.78
460,428,2026-01-21,50268.13
461,432,2026-03-20,26466.84
462,432,2026-03-31,7053.54
463,433,2026-08-06,39850.32
464,433,2026-08-24,19452.45
465,435,2026-09-28,122220.12
466,436,2026-03-29,19155.08
467,436,2026-03-30,4264.92
468,437,2026-08-23,16947.5
469,438,2026-06-23,11942.28
470,439,2026-01-08,47195.93
471,440,2026-05-22,45067.32
472,441,2026-05-31,3644.96
473,442,2026-03-10,18663.89
474,443,2026-08-02,11424.4
475,443,2026-08-16,746.12
476,444,2026-04-29,25340.4
477,444,2026-05-18,13796.46
478,445,2026-02-15,112229.2
479,445,2026-02-11,11001.99
480,446,2025-10-15,75491.67
481,448,2026-08-22,82853.58
482,449,2026-05-08,21550.89
483,450,2025-12-29,74650.56
484,451,2026-11-11,52273.14
485,451,2026-10-30,15590.77
486,453,2026-04-06,87756.28
487,454,2026-01-13,18758.15
488,454,2026-01-21,5493.11
489,455,2026-07-01,50535.54
490,456,2026-07-03,21822.76
491,458,2026-09-03,3518.14
492,459,2026-03-17,61355.92
493,460,2026-01-06,71473.56
494,461,2026-02-04,19862.91
495,463,2025-09-23,161731.37
496,464,2025-10-25,131864.95
497,465,2025-10-15,88386.94
498,466,2026-07-29,76485.45
499,467,2026-08-26,89068.39
500,468,2026-03-04,69630.89
501,469,2026-07-08,52175.93
502,470,2026-03-16,63489.92
503,471,2026-05-28,26156.65
504,472,2026-02-06,99399.48
505,473,2026-06-08,42664.86
506,474,2026-02-22,67543.92
507,475,2026-05-23,4318.92
508,476,2026-02-22,94164.95
509,477,2025-10-17,26463.36
510,478,2026-03-03,54735.88
511,479,2025-11-26,44383.74
512,480,2025-12-18,78702.65
513,481,2026-04-03,56781.86
514,481,2026-04-29,20580.59
515,482,2025-12-21,22852.68
516,483,2026-03-04,73985.34
517,484,2026-10-13,88861.3
518,485,2026-04-12,29011.91
519,486,2026-06-08,5594.85
520,490,2026-10-04,26848.72
521,491,2025-12-29,40463.28
522,492,2026-02-27,64959.79
523,493,2025-12-30,49839.6
524,494,2026-03-28,24234.08
525,495,2026-04-15,42214.5
526,497,2026-02-22,85943.3
527,498,2026-08-24,63753.67
528,500,2026-04-19,42442.71
529,500,2026-04-08,4197.27
530,501,2026-07-26,79505.24
531,502,2026-06-20,65330.36
532,503,2025-10-13,3251.54
533,503,2025-10-12,3107.56
534,504,2026-01-28,22341.1
535,504,2026-02-11,7573.7
536,505,2025-12-17,7875.36
537,506,2026-09-27,121071.34
538,507,2025-10-24,25234.38
539,508,2026-06-16,46147.91
540,509,2026-04-25,40419.56
541,510,2026-09-06,73983.73
542,511,2026-01-28,57114.64
543,513,2026-07-09,106714.64
544,514,2026-06-20,49179.96
545,515,2026-02-03,70891.76
546,516,2026-01-20,5436.6
547,517,2026-03-14,31606.88
548,518,2026-10-07,34799.82
549,519,2026-09-04,65193.44
550,520,2026-04-15,46637.0
551,521,2026-03-11,28087.34
552,521,2026-03-20,5210.62
553,522,2026-09-13,12667.6
554,523,2026-01-19,56720.96
555,525,2026-09-06,55640.6
556,526,2026-09-20,14927.12
557,527,2026-01-10,90427.14
558,528,2026-01-25,91200.33
559,529,2026-03-12,1462.86
560,530,2025-12-10,37331.87
561,532,2026-02-06,66037.56
562,533,2025-10-09,124915.89
563,533,2025-10-01,5425.19
564,534,2026-01-18,3643.74
565,535,2026-08-17,42525.34
566,536,2026-04-13,95770.37
567,537,2026-05-20,34864.28
568,538,2026-01-25,23487.2
569,539,2026-07-25,4299.08
570,540,2026-07-18,6088.5
571,541,2026-06-23,46310.3
572,542,2025-11-30,88272.08
573,543,2026-04-25,130949.16
574,544,2026-09-23,61642.98
575,545,2026-09-10,20514.57
576,546,2026-06-04,67803.8
577,547,2026-10-13,93183.4
578,549,2026-01-05,109985.52
579,550,2025-12-10,91214.0
580,551,2026-01-15,65586.41
581,553,2025-11-25,13139.9
582,554,2025-12-27,20159.04
583,555,2026-06-26,4255.74
584,556,2026-08-31,20757.6
585,557,2025-10-25,33146.34
586,558,2026-07-01,85538.04
587,559,2026-09-13,5772.0
588,560,2026-01-16,25802.18
589,561,2026-04-10,28837.86
590,561,2026-04-29,14883.41
591,562,2026-04-29,18718.0
592,563,2026-09-10,67698.79
593,564,2026-07-07,30368.84
594,565,2026-06-04,48824.61
595,565,2026-06-13,23391.28
596,566,2026-03-05,32304.4
597,567,2026-09-03,7492.63
598,567,2026-08-31,1089.77
599,568,2026-03-11,31387.98
600,569,2026-02-25,67349.69
601,570,2026-09-26,59135.84
602,572,2026-06-15,72988.96
603,574,2026-01-10,33679.32
604,575,2026-07-16,31814.7
605,577,2026-03-19,8129.28
606,578,2025-12-01,54110.17
607,579,2026-01-21,89740.93
608,580,2026-02-20,101931.81
609,580,2026-01-29,33763.59
610,581,2026-05-13,81936.51
611,582,2025-11-18,75900.47
612,584,2026-06-24,114755.75
613,585,2026-05-07,88514.98
614,586,2026-03-08,35219.52
615,587,2026-08-07,54691.22
616,588,2025-11-20,12262.93
617,588,2025-10-27,4390.68
618,589,2026-05-15,38462.1
619,590,2026-03-21,39889.32
620,591,2025-12-13,15790.83
621,591,2025-12-07,6296.21
622,592,2026-03-19,25322.88
623,593,2026-09-05,47498.83
624,594,2026-05-27,103019.99
625,595,2026-04-25,46515.06
626,595,2026-04-16,612.86
627,596,2025-11-30,65379.17
628,597,2026-02-07,23737.19
629,598,2025-11-21,19498.2
630,599,2026-05-11,73738.29
631,600,2026-06-12,50129.51
632,602,2026-06-23,55926.58
633,603,2026-05-06,3506.76
634,604,2025-12-17,79852.32
635,605,2026-04-04,106190.22
636,607,2025-10-16,46435.77
637,608,2026-08-26,73066.21
638,610,2026-06-01,29334.42
639,611,2026-05-13,64963.74
640,612,2026-10-11,61206.61
641,612,2026-10-03,23362.65
642,613,2025-11-07,62564.95
643,614,2026-09-23,26085.84
644,615,2026-03-26,13910.4
645,616,2025-12-29,55017.91
646,617,2025-12-17,12031.7
647,618,2026-01-17,16509.15
648,619,2026-04-19,18861.9
649,620,2026-03-04,67002.16
650,621,2025-10-29,29979.15
651,622,2026-06-13,65682.4
652,624,2026-01-24,9502.81
653,626,2025-10-06,18234.82
654,627,2026-08-05,36259.1
655,628,2026-03-02,46706.37
656,629,2026-01-16,33476.67
657,630,2026-04-12,22946.12
658,631,2026-09-07,73049.19
659,631,2026-09-29,48739.48
660,632,2026-03-07,6721.26
661,632,2026-03-25,713.05
662,633,2026-04-07,26254.8
663,636,2025-11-16,26766.48
664,637,2025-10-26,58560.64
665,638,2026-04-21,118563.16
666,639,2026-01-18,10336.65
667,640,2026-02-05,45652.92
668,641,2026-08-15,66754.07
669,642,2026-02-08,43323.85
670,644,2025-12-16,31407.74
671,645,2026-07-15,11159.82
672,645,2026-06-30,6447.44
673,646,2025-12-30,134884.99
674,647,2025-10-25,54294.0
675,648,2026-06-24,34705.11
676,648,2026-07-11,25914.63
677,649,2026-05-13,103760.08
678,650,2026-04-19,57815.96
679,650,2026-04-26,37149.17
680,652,2026-03-27,91141.57
681,652,2026-04-30,18558.0
682,653,2026-01-18,28651.84
683,654,2026-09-27,33847.8
684,655,2026-04-18,8660.2
685,656,2026-04-18,106702.36
686,657,2025-09-30,22095.29
687,658,2026-07-19,102872.25
688,659,2026-06-07,40929.49
689,660,2026-01-04,14563.56
690,661,2026-09-15,25473.45
691,662,2026-01-05,56925.48
692,663,2025-12-24,2818.4
693,664,2026-10-12,42780.47
694,665,2026-07-14,70248.01
695,666,2026-06-25,26947.4
696,667,2026-06-23,5717.34
697,668,2026-09-01,13950.93
698,670,2026-05-29,50583.16
699,671,2026-06-27,10074.25
700,672,2025-10-08,25630.37
701,673,2026-07-29,25035.87
702,674,2026-10-06,32317.49
703,675,2026-08-12,25569.0
704,677,2026-09-29,64588.87
705,677,2026-09-17,10003.95
706,678,2026-10-06,13170.24
707,679,2026-02-21,50762.42
708,681,2026-03-26,11364.81
709,681,2026-03-27,8346.07
710,682,2025-12-20,41988.06
711,683,2025-11-07,36326.44
712,684,2025-12-08,3732.34
713,684,2025-11-22,3393.46
714,685,2026-01-14,109990.75
715,685,2026-01-12,15906.75
716,686,2026-02-19,57889.57
717,686,2026-02-24,42995.46
718,687,2026-07-16,119422.51
719,688,2025-12-17,48505.31
720,689,2025-12-10,35185.56
721,690,2025-11-09,25871.69
722,691,2025-11-18,2438.1
723,692,2025-10-17,47772.69
724,693,2025-12-21,114201.68
725,694,2026-09-04,130730.21
726,696,2026-04-06,12952.8
727,697,2026-05-09,4690.33
728,698,2026-03-30,64744.09
729,699,2026-09-30,24839.37
730,700,2026-03-24,26502.15
731,701,2026-05-17,2182.47
732,702,2026-09-09,36216.9
733,703,2025-12-16,13035.41
734,704,2026-02-22,25615.66
735,704,2026-03-04,6512.8
736,705,2026-01-07,65781.4
737,707,2026-07-10,5060.57
738,707,2026-08-10,4076.69
739,708,2026-03-24,83007.9
740,709,2026-02-16,42539.52
741,710,2026-07-01,1810.16
742,710,2026-06-03,897.69
743,711,2025-12-11,82412.49
744,712,2026-07-17,18839.25
745,713,2026-10-08,19780.44
746,713,2026-09-13,10686.41
747,714,2026-09-25,42757.77
748,714,2026-09-21,22188.75
749,716,2025-12-06,78873.15
750,717,2026-07-01,43975.14
751,718,2026-06-10,63779.7
752,719,2025-10-27,36733.85
753,719,2025-11-11,24354.85
754,721,2026-08-28,62458.82
755,722,2026-03-31,72048.71
756,722,2026-04-18,52972.45
757,723,2026-08-12,62013.39
758,725,2026-06-16,36597.87
759,726,2026-04-24,3319.8
760,727,2026-08-13,52780.14
761,728,2026-01-15,6186.9
762,729,2026-08-28,50422.48
763,732,2026-06-18,28671.72
764,733,2026-06-29,48933.48
765,734,2026-05-29,26593.54
766,735,2026-02-03,51006.88
767,735,2026-01-15,20973.44
768,737,2026-02-10,31978.75
769,738,2025-10-12,33149.22
770,738,2025-10-13,20854.54
771,739,2026-02-22,6717.87
772,740,2025-10-19,36187.2
773,741,2026-05-20,26932.08
774,743,2026-08-16,38798.18
775,744,2026-03-31,66651.97
776,745,2026-04-07,51493.28
777,745,2026-04-21,22206.29
778,746,2025-11-12,66391.16
779,747,2025-12-29,47378.04
780,748,2025-12-23,65289.63
781,749,2025-11-18,46315.9
782,750,2026-02-07,35894.12
783,750,2026-01-20,19662.3
784,751,2025-11-02,60051.23
785,753,2026-08-07,136383.58
786,754,2025-12-01,81602.24
787,755,2025-12-17,93776.27
788,758,2026-10-07,34277.36
789,759,2026-03-18,47491.92
790,760,2025-12-02,65736.0
791,761,2026-04-06,50545.84
792,762,2026-05-23,16516.71
793,763,2026-03-18,38426.4
794,766,2026-09-11,29345.58
795,767,2026-04-28,38227.7
796,767,2026-04-28,32007.08
797,768,2026-05-29,27561.78
798,769,2026-07-10,13862.34
799,770,2025-09-15,49322.04
800,772,2026-07-18,53464.88
801,773,2026-10-02,113576.19
802,773,2026-10-07,41701.03
803,774,2026-09-24,48160.86
804,775,2026-02-15,91952.44
805,776,2026-01-27,10895.28
806,777,2026-06-02,13762.88
807,778,2025-10-21,14911.72
808,779,2026-03-22,66980.99
809,780,2025-12-20,30390.56
810,780,2025-12-27,12328.22
811,781,2026-05-08,12126.13
812,781,2026-06-07,881.39
813,782,2026-10-22,19674.66
814,783,2026-05-26,7475.94
815,784,2026-01-11,17593.6
816,786,2026-06-14,82344.25
817,787,2026-05-25,6795.03
818,789,2025-10-30,57143.87
819,789,2025-10-29,8342.23
820,790,2025-10-31,6338.67
821,792,2026-03-20,85113.76
822,793,2026-10-07,36926.77
823,794,2025-12-09,108333.79
824,795,2025-11-22,123247.34
825,796,2026-06-10,11628.0
826,797,2026-06-27,39848.04
827,798,2025-12-09,87478.35
828,799,2026-05-17,6502.5
829,800,2026-03-12,25537.25
830,800,2026-02-10,6251.95
831,801,2026-07-22,22848.82
832,801,2026-07-18,11797.48
833,802,2026-08-09,13374.72
834,804,2026-08-20,57096.62
835,805,2025-11-15,49962.37
836,806,2026-06-10,74887.5
837,806,2026-06-02,52472.84
838,808,2026-09-15,27076.21
839,809,2025-10-06,92179.18
840,810,2026-06-07,84279.5
841,811,2025-12-07,71809.16
842,813,2026-05-03,93652.31
843,817,2025-12-15,26397.47
844,818,2026-01-09,68819.92
845,819,2026-02-16,34450.82
846,819,2026-02-17,7949.44
847,820,2026-02-19,78404.65
848,821,2026-06-05,21160.92
849,822,2026-09-06,20443.15
850,822,2026-09-03,5914.23
851,823,2026-01-25,45582.53
852,824,2026-05-03,113175.93
853,825,2025-11-02,65697.69
854,826,2025-12-30,30226.12
855,827,2026-05-23,8912.68
856,827,2026-06-09,7379.96
857,828,2026-01-17,98937.81
858,828,2026-01-18,3981.36
859,829,2026-04-30,115779.53
860,830,2026-06-03,72573.14
861,831,2026-10-11,24656.15
862,832,2026-06-22,18608.55
863,833,2025-10-24,15562.48
864,834,2026-02-22,56107.87
865,834,2026-02-07,24395.96
866,837,2026-01-17,79759.98
867,838,2026-08-18,52803.73
868,838,2026-09-13,8398.23
869,841,2026-04-14,60977.0
870,842,2026-04-29,29380.75
871,843,2026-01-25,32584.49
872,843,2026-01-29,32351.37
873,844,2026-03-27,9414.6
874,846,2026-08-29,34421.69
875,846,2026-09-10,4105.69
876,847,2026-03-21,71715.88
877,849,2026-04-26,53956.8
878,850,2026-03-07,48933.29
879,851,2026-09-08,14353.17
880,852,2026-08-11,12740.86
881,853,2026-04-28,113281.26
882,854,2026-10-16,83776.86
883,855,2026-06-30,82245.0
884,857,2026-07-07,6890.73
885,858,2025-12-09,7349.37
886,861,2026-07-21,14348.77
887,862,2026-02-10,91401.53
888,863,2026-05-26,44606.64
889,864,2026-09-20,12664.35
890,865,2026-10-01,108813.31
891,866,2025-10-10,104182.96
892,867,2026-05-30,40925.33
893,867,2026-06-07,20351.18
894,868,2026-03-28,46104.15
895,869,2026-01-12,16650.12
896,870,2026-07-30,50968.51
897,870,2026-08-03,10557.48
898,871,2026-06-30,2361.4
899,871,2026-06-08,1880.75
900,872,2026-03-21,30950.64
901,873,2026-10-11,90500.1
902,874,2026-04-01,2645.5
903,877,2026-03-01,77325.35
904,877,2026-03-08,23897.18
905,878,2026-06-20,103060.08
906,879,2026-03-13,65103.75
907,880,2026-08-24,105023.42
908,881,2026-03-15,30995.3
909,883,2026-05-13,64085.88
910,884,2026-09-24,50988.82
911,886,2026-06-26,24437.83
912,886,2026-06-30,3894.6
913,887,2026-08-31,24941.76
914,889,2025-10-25,6506.76
915,890,2026-06-28,55838.05
916,890,2026-06-23,12318.71
917,891,2025-12-08,34607.04
918,892,2026-08-03,56307.56
919,893,2026-07-01,105566.55
920,894,2026-03-02,51694.4
921,895,2025-12-12,25230.68
922,895,2025-12-25,1476.9
923,896,2026-03-08,76315.57
924,897,2026-06-08,48261.31
925,898,2026-02-12,71079.36
926,899,2026-09-11,18717.18
927,899,2026-09-17,16862.1
928,900,2026-06-28,3032.24
929,901,2026-09-14,59740.51
930,902,2025-11-18,22986.88
931,903,2026-05-02,58034.41
932,903,2026-06-02,49966.92
933,904,2026-09-20,42955.12
934,905,2026-07-24,7772.16
935,905,2026-07-03,5555.3
936,906,2026-08-03,38918.61
937,907,2025-12-23,76559.98
938,908,2026-03-23,126010.2
939,909,2025-11-12,32939.27
940,910,2026-07-29,29974.77
941,911,2025-12-26,15371.74
942,911,2026-01-08,12148.39
943,912,2025-11-30,32229.12
944,913,2026-03-23,33556.5
945,914,2025-12-20,120917.07
946,915,2025-10-08,3373.11
947,916,2026-04-09,117085.55
948,917,2025-09-27,46974.39
949,918,2025-12-12,30896.24
950,920,2025-11-01,10353.56
951,921,2026-09-18,12532.32
952,922,2025-10-26,27217.2
953,923,2026-05-23,68853.93
954,923,2026-06-04,45301.51
955,924,2026-04-09,13943.68
956,925,2026-06-15,81618.72
957,927,2026-02-26,66716.33
958,927,2026-02-22,14058.24
959,928,2025-11-12,113434.72
960,929,2026-04-06,82897.51
961,930,2026-06-16,59807.52
962,931,2025-11-11,28311.48
963,934,2026-07-21,18548.41
964,935,2026-01-30,49063.15
965,937,2026-10-05,91220.09
966,939,2026-02-11,76554.33
967,940,2026-03-13,63459.97
968,940,2026-02-25,1030.81
969,941,2025-10-07,70508.53
970,943,2026-09-09,20632.76
971,945,2025-10-07,81892.5
972,946,2026-06-27,40269.12
973,948,2025-10-15,61121.4
974,949,2025-10-07,24203.76
975,950,2026-03-11,18827.16
976,951,2025-11-26,45027.85
977,951,2025-11-10,1880.83
978,952,2026-10-24,130626.82
979,953,2026-08-24,17705.94
980,954,2026-06-22,56199.18
981,955,2026-02-12,6832.67
982,955,2026-02-02,2127.49
983,956,2025-10-15,56478.54
984,957,2026-05-21,34154.73
985,958,2026-06-08,63802.21
986,959,2025-11-09,4850.44
987,960,2026-06-11,104483.72
988,961,2026-06-20,57104.34
989,962,2026-06-30,83344.17
990,963,2025-10-15,57531.2
991,964,2026-03-26,42183.54
992,964,2026-03-30,15212.46
993,965,2025-12-22,62790.24
994,966,2026-08-22,74915.79
995,967,2026-07-08,56940.31
996,968,2026-09-06,100413.33
997,969,2026-08-14,97667.27
998,969,2026-08-04,11601.27
999,970,2025-11-28,23976.47
1000,971,2026-03-13,9303.28
1001,972,2026-02-04,12719.96
1002,973,2025-11-14,49179.36
1003,974,2025-12-15,68231.02
1004,975,2026-02-04,54421.69
1005,976,2025-11-22,24931.43
1006,976,2025-11-15,6792.81
1007,977,2025-10-19,90477.71
1008,978,2025-12-04,78979.24
1009,979,2026-02-15,49101.22
1010,980,2026-02-22,63550.6
1011,981,2025-10-04,50050.36
1012,981,2025-10-11,30368.54
1013,983,2026-02-10,47180.1
1014,984,2026-06-26,43168.4
1015,986,2026-05-09,69240.77
1016,986,2026-05-03,16199.59
1017,988,2026-09-24,24776.08
1018,989,2026-02-25,53476.83
1019,990,2025-10-29,67744.92
1020,991,2026-04-22,7736.4
1021,992,2026-05-15,99620.94
1022,993,2026-09-10,82143.61
1023,994,2026-05-16,94547.77
1024,995,2025-12-26,7810.94
1025,996,2025-12-01,5373.43
1026,996,2025-11-17,1203.19
1027,997,2025-12-15,43315.65
1028,998,2026-08-17,115638.24
1029,999,2026-06-27,30199.15
1030,1000,2026-03-21,46897.57
1031,1000,2026-03-19,17182.41
1032,1001,2026-03-05,13621.14
1033,1002,2025-10-18,54328.6
1034,1004,2025-09-30,121041.36
1035,1005,2026-08-29,14160.24
1036,1006,2026-05-09,122617.09
1037,1007,2026-07-24,37100.1
1038,1008,2026-08-17,9338.28
1039,1009,2025-11-05,27605.94
1040,1010,2026-01-07,73262.95
1041,1011,2026-01-01,198350.26
1042,1013,2026-05-23,44893.35
1043,1013,2026-05-03,18642.73
1044,1014,2026-02-15,52424.19
1045,1016,2026-02-19,63681.2
1046,1017,2026-09-15,61503.9
1047,1018,2025-10-19,735.81
1048,1018,2025-09-28,341.26
1049,1019,2026-09-26,140555.09
1050,1020,2026-07-17,61119.16
1051,1021,2026-01-31,17284.96
1052,1022,2026-01-04,53656.89
1053,1022,2025-12-15,1990.29
1054,1024,2026-08-04,8162.56
1055,1024,2026-07-29,4325.44
1056,1025,2026-05-13,36850.03
1057,1026,2026-06-24,22007.42
1058,1027,2026-02-15,2611.55
1059,1029,2025-11-14,38683.11
1060,1029,2025-11-06,21399.73
1061,1030,2026-05-13,27733.21
1062,1031,2026-08-09,47713.36
1063,1032,2025-11-02,16918.8
1064,1033,2025-11-21,72287.22
1065,1033,2025-11-10,52782.69
1066,1035,2025-12-26,9828.64
1067,1036,2026-01-15,35361.81
1068,1038,2025-12-01,46701.39
1069,1039,2026-05-06,98465.98
1070,1040,2026-08-17,75288.4
1071,1041,2026-09-23,83659.6
1072,1042,2026-08-24,101832.94
1073,1043,2026-06-24,19649.97
1074,1044,2026-05-10,43631.65
1075,1045,2026-03-15,31412.16
1076,1046,2026-02-09,11450.52
1077,1048,2026-02-05,15245.68
1078,1049,2025-12-10,62938.36
1079,1050,2026-03-23,37940.57
1080,1050,2026-02-16,177.11
1081,1051,2026-06-04,61321.08
1082,1052,2026-06-17,93006.18
1083,1053,2025-11-15,66236.96
1084,1054,2025-09-30,25288.26
1085,1055,2026-07-17,8474.16
1086,1056,2026-10-07,1557.76
1087,1056,2026-09-21,1215.92
1088,1057,2025-12-31,14351.01
1089,1057,2025-12-15,656.11
1090,1058,2026-03-22,60241.32
1091,1059,2026-07-05,28783.89
1092,1060,2026-06-18,53221.31
1093,1061,2026-04-27,4260.06
1094,1062,2025-10-01,94726.52
1095,1063,2025-10-09,25828.82
1096,1064,2025-11-24,26226.97
1097,1065,2026-04-30,50977.47
1098,1065,2026-05-02,17116.34
1099,1066,2026-08-08,71712.0
1100,1067,2026-03-13,175512.11
1101,1068,2026-01-26,86361.87
1102,1069,2025-12-02,68415.43
1103,1070,2026-03-25,5226.04
1104,1070,2026-04-01,628.76
1105,1071,2026-07-16,41440.51
1106,1072,2026-09-06,84042.1
1107,1072,2026-09-02,7856.39
1108,1073,2025-10-29,42001.44
1109,1074,2026-02-07,93984.6
1110,1075,2025-11-01,35319.85
1111,1076,2026-01-12,76832.59
1112,1076,2026-01-11,34860.38
1113,1077,2025-12-23,32129.67
1114,1078,2026-10-12,65003.63
1115,1078,2026-10-10,40656.45
1116,1079,2026-06-02,38125.46
1117,1079,2026-05-17,15952.32
1118,1080,2026-08-18,53527.32
1119,1082,2025-12-31,32620.82
1120,1082,2026-01-09,5632.42
1121,1083,2026-06-27,80198.32
1122,1084,2026-07-16,52957.74
1123,1085,2026-02-26,24445.93
1124,1086,2025-12-25,50650.52
1125,1087,2026-08-04,22930.08
1126,1089,2026-09-26,28316.55
1127,1090,2025-12-03,2651.45
1128,1092,2026-03-04,2872.76
1129,1093,2026-05-19,32909.52
1130,1095,2026-09-03,23150.37
1131,1095,2026-08-27,5979.57
1132,1097,2026-09-12,48607.1
1133,1097,2026-09-11,17350.48
1134,1098,2025-12-07,107389.8
1135,1099,2026-04-10,91630.82
1136,1100,2026-05-24,32969.37
1137,1100,2026-06-02,10802.7
1138,1101,2026-07-19,96931.9
1139,1102,2026-01-26,150233.46
1140,1103,2026-06-04,39434.44
1141,1104,2026-02-25,68529.45
1142,1105,2026-06-11,59298.81
1143,1106,2026-07-10,86752.13
1144,1109,2026-04-22,33784.16
1145,1111,2025-11-02,83949.1
1146,1112,2026-04-15,66819.96
1147,1113,2026-02-03,12936.42
1148,1114,2026-06-13,71351.31
1149,1114,2026-06-03,3852.36
1150,1115,2025-11-28,10439.5
1151,1116,2026-03-29,37134.72
1152,1117,2025-11-01,37100.62
1153,1120,2026-05-02,49819.68
1154,1120,2026-05-11,12014.42
1155,1122,2025-09-21,6173.34
1156,1123,2026-02-15,13848.66
1157,1124,2026-08-29,43841.64
1158,1125,2026-10-18,645.2
1159,1125,2026-10-16,25.4
1160,1126,2026-05-12,50326.21
1161,1127,2026-05-20,5146.83
1162,1128,2026-07-25,29586.36
1163,1130,2025-11-25,100029.88
1164,1131,2025-12-21,55094.33
1165,1132,2026-01-04,114053.12
1166,1133,2026-08-18,127701.34
1167,1134,2026-07-05,53398.45
1168,1134,2026-06-22,33275.3
1169,1135,2025-12-06,36603.08
1170,1135,2025-11-20,18901.76
1171,1136,2025-10-29,37179.69
1172,1137,2025-12-04,73513.41
1173,1138,2026-04-11,13779.53
1174,1139,2026-08-29,17498.48
1175,1140,2026-04-01,43469.4
1176,1141,2025-12-27,31643.67
1177,1142,2026-03-03,32512.68
1178,1143,2025-12-21,42999.12
1179,1144,2026-07-14,15163.68
1180,1146,2026-06-08,106300.62
1181,1148,2026-02-11,43615.28
1182,1149,2026-04-14,29458.65
1183,1149,2026-04-01,16046.14
1184,1150,2026-08-11,41895.1
1185,1151,2026-06-11,20037.78
1186,1152,2026-06-25,111481.57
1187,1153,2026-06-04,24883.17
1188,1153,2026-06-03,2196.45
1189,1154,2026-02-02,30020.0
1190,1155,2026-04-05,79301.47
1191,1155,2026-04-29,40676.05
1192,1156,2026-09-06,68085.1
1193,1157,2026-03-23,113976.37
1194,1158,2026-01-14,62041.32
1195,1159,2026-07-15,92878.4
1196,1160,2026-03-15,10358.51
1197,1161,2026-01-09,32812.15
1198,1162,2026-05-07,24332.52
1199,1163,2026-05-03,28408.23
1200,1164,2026-04-01,58160.8
1201,1164,2026-03-29,16202.16
1202,1165,2025-11-16,9343.18
1203,1166,2026-08-12,56442.36
1204,1167,2025-11-19,122694.87
1205,1168,2026-05-22,78719.48
1206,1169,2026-08-27,3122.0
1207,1170,2026-06-07,39461.67
1208,1170,2026-07-04,26121.33
1209,1171,2026-08-11,29102.64
1210,1172,2025-11-23,14627.81
1211,1172,2025-11-11,6965.39
1212,1173,2026-06-07,70174.53
1213,1174,2026-08-12,55650.0
1214,1175,2026-04-12,3223.93
1215,1176,2026-06-20,52442.53
1216,1177,2026-04-13,133903.53
1217,1179,2026-03-04,43168.32
1218,1180,2026-09-19,30735.8
1219,1180,2026-09-29,1267.6
1220,1181,2026-03-25,42949.19
1221,1182,2026-06-02,29167.36
1222,1183,2026-07-18,94436.48
1223,1184,2026-01-09,13580.25
1224,1185,2026-05-06,4685.79
1225,1185,2026-04-28,1213.92
1226,1186,2026-06-11,68879.98
1227,1187,2026-07-05,141097.56
1228,1189,2025-10-21,48865.44
1229,1190,2026-01-20,72700.5
1230,1191,2025-11-25,19600.69
1231,1192,2025-10-14,13586.53
1232,1192,2025-10-22,9452.6
1233,1193,2026-01-03,25879.44
1234,1193,2025-11-27,10450.02
1235,1194,2025-11-04,117045.74
1236,1195,2026-02-24,3147.24
1237,1195,2026-02-17,978.18
1238,1196,2026-09-12,13758.8
1239,1198,2026-03-18,55254.32
1240,1199,2026-05-03,2815.36
1241,1200,2026-05-31,34400.97
1242,1201,2026-03-30,23695.23
1243,1202,2026-10-04,35518.83
1244,1202,2026-10-12,11082.41
1245,1203,2026-06-16,4549.44
1246,1204,2026-04-29,24364.13
1247,1204,2026-05-13,17492.68
1248,1205,2025-10-03,19415.0
1249,1205,2025-10-17,1487.72
1250,1206,2026-05-08,19905.52
1251,1208,2026-02-28,61214.32
1252,1209,2025-12-15,44898.72
1253,1211,2026-01-14,42702.18
1254,1211,2025-12-21,11685.59
1255,1212,2026-07-13,15544.14
1256,1212,2026-07-21,9789.74
1257,1213,2026-09-13,29276.98
1258,1214,2026-03-23,71027.8
1259,1216,2026-07-01,38832.72
1260,1217,2026-06-01,108475.31
1261,1218,2025-10-11,10948.0
1262,1219,2026-05-21,14637.33
1263,1220,2026-09-05,42638.63
1264,1220,2026-08-17,29947.11
1265,1221,2026-04-20,69937.88
1266,1222,2026-06-23,45403.28
1267,1223,2025-11-10,86247.38
1268,1225,2026-01-03,15916.71
1269,1226,2025-11-15,35588.73
1270,1226,2025-12-03,20807.23
1271,1227,2026-09-08,6675.06
1272,1228,2026-07-17,23245.74
1273,1229,2026-05-12,3213.0
1274,1230,2026-04-11,43876.82
1275,1231,2026-05-17,2849.6
1276,1232,2026-01-11,59988.11
1277,1233,2026-08-02,33480.2
1278,1234,2025-11-25,65572.82
1279,1234,2025-11-27,4298.42
1280,1235,2026-04-26,24711.31
1281,1235,2026-05-04,7155.51
1282,1236,2026-09-06,52521.15
1283,1237,2026-09-15,81226.57
1284,1238,2026-05-12,93061.68
1285,1241,2026-03-23,31255.57
1286,1241,2026-04-18,8582.48
1287,1243,2026-01-05,41774.9
1288,1244,2026-06-07,21751.98
1289,1244,2026-05-21,5926.54
1290,1245,2026-03-18,36023.84
1291,1246,2026-08-29,60283.86
1292,1246,2026-09-14,19575.01
1293,1247,2025-11-29,150887.88
1294,1248,2026-08-13,57452.15
1295,1249,2026-09-04,98121.78
1296,1250,2026-04-19,31026.24
1297,1251,2025-11-07,28153.22
1298,1252,2026-04-27,87239.59
1299,1253,2025-11-08,150321.75
1300,1254,2025-12-10,41287.16
1301,1255,2026-04-09,28979.88
1302,1256,2026-05-25,81473.38
1303,1257,2025-12-27,4462.97
1304,1257,2025-12-12,3248.23
1305,1258,2026-06-22,15610.3
1306,1258,2026-06-19,465.68
1307,1259,2026-01-11,69095.95
1308,1259,2026-01-07,11224.97
1309,1260,2026-07-06,6021.4
1310,1261,2026-01-12,54478.4
1311,1262,2026-03-22,80482.23
1312,1264,2026-09-12,16881.48
1313,1265,2026-01-12,23796.08
1314,1266,2026-03-31,43091.98
1315,1267,2026-03-18,33166.66
1316,1268,2025-10-12,106015.55
1317,1269,2026-01-20,55642.86
1318,1269,2026-01-03,37493.86
1319,1270,2025-11-06,1528.02
1320,1271,2025-10-11,9083.2
1321,1272,2026-03-16,38059.09
1322,1273,2026-05-27,61269.35
1323,1274,2026-06-10,101088.2
1324,1275,2026-01-20,70549.2
1325,1276,2026-08-11,5350.28
1326,1277,2025-11-02,18656.69
1327,1278,2026-05-09,23373.62
1328,1279,2026-01-17,26183.46
1329,1280,2026-02-04,156790.31
1330,1281,2026-04-21,17698.8
1331,1282,2025-12-18,136655.81
1332,1283,2025-10-29,77428.32
1333,1284,2026-08-24,61098.84
1334,1284,2026-08-18,49466.16
1335,1285,2025-11-28,45236.23
1336,1286,2025-10-19,108999.85
1337,1287,2026-06-02,3440.8
1338,1288,2026-03-22,46816.62
1339,1289,2026-08-23,82448.05
1340,1290,2026-01-12,82648.12
1341,1291,2026-02-28,23733.67
1342,1291,2026-03-18,7071.61
1343,1293,2025-11-19,8808.5
1344,1294,2025-10-30,28700.64
1345,1295,2026-01-21,54069.37
1346,1296,2025-11-04,114617.38
1347,1297,2026-05-07,33047.12
1348,1298,2026-07-10,13133.13
1349,1298,2026-07-10,1566.03
1350,1299,2026-04-13,85874.67
1351,1300,2025-10-22,44412.03
1352,1301,2026-08-05,29956.3
1353,1302,2026-01-09,28551.68
1354,1303,2026-06-17,5419.62
1355,1303,2026-06-30,2999.46
1356,1304,2026-05-31,48887.81
1357,1305,2026-08-22,150145.22
1358,1307,2026-06-15,88047.64
1359,1308,2026-01-13,15637.14
1360,1309,2026-05-07,6461.57
1361,1309,2026-05-19,629.43
1362,1310,2026-04-16,74379.11
1363,1311,2026-06-08,14700.49
1364,1312,2026-03-17,132941.2
1365,1313,2026-05-30,83323.22
1366,1314,2026-04-22,95315.97
1367,1315,2025-11-08,69345.27
1368,1317,2026-05-12,22239.55
1369,1318,2026-09-20,31768.5
1370,1319,2026-03-23,42873.6
1371,1320,2025-10-25,7119.1
1372,1320,2025-11-02,430.82
1373,1321,2026-06-11,48632.87
1374,1323,2026-06-17,21051.71
1375,1324,2026-08-30,78618.71
1376,1325,2026-05-06,31032.55
1377,1325,2026-05-01,21512.25
1378,1326,2026-02-07,128396.92
1379,1327,2025-11-20,80216.01
1380,1328,2026-07-06,74419.23
1381,1328,2026-07-15,210.91
1382,1329,2026-03-25,123705.73
1383,1330,2026-05-08,60979.38
1384,1331,2026-07-03,33589.65
1385,1331,2026-06-20,33467.32
1386,1332,2025-10-21,10250.2
1387,1332,2025-10-19,1140.43
1388,1333,2026-07-02,33154.24
1389,1336,2026-08-01,17785.2
1390,1337,2026-01-09,39597.74
1391,1337,2026-01-16,5119.45
1392,1338,2026-04-03,69823.93
1393,1339,2026-09-13,17599.0
1394,1340,2025-12-17,95107.1
1395,1341,2025-12-10,101799.97
1396,1342,2026-09-15,40805.5
1397,1343,2026-03-02,33924.24
1398,1344,2025-11-26,58525.05
1399,1345,2026-06-04,50517.3
1400,1346,2025-12-29,89736.91
1401,1348,2026-09-27,5454.76
1402,1349,2026-07-25,91902.27
1403,1350,2026-02-25,16092.0
1404,1351,2026-09-21,30278.3
1405,1351,2026-09-16,5059.62
1406,1352,2026-05-25,12739.48
1407,1352,2026-05-10,11821.32
1408,1353,2026-09-11,2697.11
1409,1354,2025-11-18,89981.15
1410,1355,2025-12-28,577.94
1411,1356,2026-04-26,42099.12
1412,1357,2026-10-13,99012.37
1413,1358,2026-02-01,83189.94
1414,1360,2026-03-21,39176.28
1415,1361,2026-08-16,20112.21
1416,1362,2025-11-17,2773.68
1417,1363,2025-12-07,896.9
1418,1364,2026-06-14,151655.56
1419,1365,2026-02-08,12996.8
1420,1366,2026-07-07,62181.59
1421,1366,2026-06-27,27025.19
1422,1368,2026-01-24,13673.35
1423,1368,2026-01-03,4459.7
1424,1369,2026-08-16,5824.32
1425,1370,2026-01-25,132159.19
1426,1371,2025-11-24,47671.15
1427,1373,2026-09-06,28022.69
1428,1373,2026-09-04,3282.17
1429,1374,2026-07-29,18277.94
1430,1375,2026-05-13,56890.2
1431,1376,2026-04-15,9077.79
1432,1377,2026-09-12,22425.66
1433,1377,2026-10-01,5101.26
1434,1378,2026-08-25,83002.96
1435,1379,2026-01-04,37295.49
1436,1380,2026-08-28,24318.77
1437,1381,2026-05-07,39793.14
1438,1382,2026-09-23,4744.44
1439,1383,2026-05-04,65474.82
1440,1384,2026-04-01,1931.04
1441,1385,2026-10-03,21316.5
1442,1386,2026-04-14,117315.88
1443,1387,2025-12-29,37482.83
1444,1387,2025-12-30,3641.2
1445,1388,2026-05-20,27874.47
1446,1388,2026-05-02,12885.57
1447,1389,2025-10-17,31593.29
1448,1389,2025-10-26,5483.75
1449,1390,2026-10-01,45527.26
1450,1390,2026-09-07,40833.77
1451,1391,2026-09-03,16280.74
1452,1392,2026-07-11,35037.0
1453,1394,2026-01-13,45179.25
1454,1395,2026-03-04,59704.03
1455,1396,2026-10-13,37140.18
1456,1397,2026-01-06,90806.79
1457,1398,2026-03-01,9700.53
1458,1399,2026-05-01,44090.12
1459,1399,2026-05-01,9630.44
1460,1400,2025-11-24,171804.0
1461,1401,2026-06-14,54100.36
1462,1403,2026-06-30,30645.75
1463,1404,2026-07-23,129723.63
1464,1405,2026-08-10,58330.78
1465,1406,2025-10-17,108353.54
1466,1407,2025-12-19,5763.65
1467,1409,2026-05-16,33945.41
1468,1410,2025-12-30,105644.94
1469,1411,2026-09-01,39149.57
1470,1411,2026-09-20,32546.64
1471,1412,2026-01-13,2025.31
1472,1412,2026-01-25,270.88
1473,1413,2026-09-13,73800.28
1474,1414,2026-06-30,20555.34
1475,1415,2026-07-05,57177.18
1476,1417,2025-10-29,46541.16
1477,1418,2025-12-14,70517.92
1478,1419,2026-06-14,114007.0
1479,1420,2026-04-01,86526.86
1480,1421,2026-06-21,2511.9
1481,1422,2026-03-04,88008.33
1482,1423,2026-05-07,55334.17
1483,1424,2026-06-10,37775.09
1484,1425,2026-08-26,14937.56
1485,1426,2026-02-19,129379.9
1486,1427,2026-05-30,77284.47
1487,1428,2025-10-31,44124.27
1488,1429,2026-04-18,72839.7
1489,1430,2026-05-24,89803.92
1490,1431,2026-08-17,66730.15
1491,1433,2026-10-14,25023.32
1492,1434,2026-02-20,37840.46
1493,1434,2026-02-08,31332.38
1494,1435,2026-07-31,38971.5
1495,1436,2026-10-20,75671.29
1496,1436,2026-10-10,26889.25
1497,1437,2026-03-29,6719.9
1498,1438,2026-01-04,77997.46
1499,1439,2026-09-19,84644.52
1500,1440,2026-07-10,71906.25
1501,1441,2026-04-05,39767.9
1502,1442,2026-06-30,81562.26
1503,1443,2026-02-18,49792.96
1504,1444,2025-12-24,69519.69
1505,1444,2025-12-11,8698.37
1506,1445,2026-01-17,9511.52
1507,1445,2026-01-31,6534.64
1508,1446,2026-04-12,98633.27
1509,1447,2026-01-04,65008.35
1510,1447,2025-12-25,561.68
1511,1448,2026-05-06,94304.37
1512,1448,2026-06-04,13022.06
1513,1449,2026-06-13,15302.79
1514,1450,2025-12-28,28316.6
1515,1450,2025-12-15,16598.82
1516,1451,2026-03-31,61104.77
1517,1452,2025-11-30,52663.97
1518,1454,2026-04-08,23179.32
1519,1455,2026-06-08,93332.6
1520,1456,2025-12-31,76891.4
1521,1457,2026-05-07,42419.52
1522,1457,2026-05-13,27741.68
1523,1458,2026-03-23,7808.96
1524,1459,2026-06-05,84939.11
1525,1460,2026-08-30,19755.2
1526,1460,2026-08-26,2506.22
1527,1461,2026-04-30,4649.79
1528,1462,2026-09-06,57086.25
1529,1463,2026-05-23,19011.16
1530,1464,2026-06-05,30288.95
1531,1464,2026-06-10,11448.69
1532,1465,2025-11-30,20690.07
1533,1466,2025-11-19,122873.63
1534,1467,2026-09-04,25086.21
1535,1467,2026-08-20,18614.02
1536,1468,2026-02-19,19176.3
1537,1469,2025-12-19,81987.4
1538,1470,2025-11-06,136997.82
1539,1472,2026-03-02,51792.55
1540,1473,2025-10-21,5307.6
1541,1475,2026-01-28,103101.95
1542,1476,2025-10-04,40879.04
1543,1477,2025-11-26,99321.95
1544,1478,2026-01-20,2763.2
1545,1479,2026-04-30,38227.53
1546,1480,2025-11-08,4335.96
1547,1481,2026-02-18,108773.37
1548,1482,2025-11-05,62506.07
1549,1483,2026-05-13,149896.67
1550,1484,2026-04-06,76328.89
1551,1485,2025-12-12,5026.32
1552,1486,2026-03-27,44622.24
1553,1487,2026-07-12,37406.71
1554,1487,2026-07-21,25592.89
1555,1488,2025-12-12,11908.01
1556,1488,2025-12-19,8641.87
1557,1490,2026-05-25,76763.16
1558,1491,2025-11-13,31461.76
1559,1492,2026-06-19,97032.38
1560,1493,2026-04-17,62748.52
1561,1493,2026-04-23,19844.15
1562,1494,2026-05-05,46041.56
1563,1495,2025-12-18,70421.01
1564,1495,2025-11-30,22966.96
1565,1496,2025-11-22,5814.62
1566,1497,2026-03-02,40396.74
1567,1498,2026-04-20,22964.24
1568,1499,2025-11-22,66170.68
1569,1500,2026-01-31,33334.92
